Order_ID,Order_Timestamp,Delivery_Zone,Cuisine_Type,Item_Name,Item_Price_NGN,Delivery_Fee_NGN,Discount_NGN,Total_Amount_NGN,Prep_Time_Min,Delivery_Time_Min,Order_Status,Customer_Rating
ORD-2026-1000,2026-06-08 17:42:07,Gbagada,Fast Food,Crispy Chicken Wings,12000,800,1000,11800,23,33,Delivered,3.6
ORD-2026-1001,2026-05-21 14:22:10,Ikeja,Local Delicacies,Jollof Rice & Fried Chicken,4500,800,0,5300,10,36,Delivered,4.6
ORD-2026-1002,2026-05-11 11:39:23,Yaba,Grills & Suya,BBQ Chicken Quarters,3500,800,0,4300,14,27,Delivered,4.6
ORD-2026-1003,2026-05-03 13:23:43,Yaba,Local Delicacies,Amala & Abula,6500,1500,1000,7000,26,30,Delivered,4.2
ORD-2026-1004,2026-05-30 18:20:32,Victoria Island,Fast Food,Shawarma Special,4500,1200,0,5700,17,35,Delivered,4.0
ORD-2026-1005,2026-05-12 19:43:24,Victoria Island,Local Delicacies,Pounded Yam & Egusi,3500,1500,1000,4000,15,48,Delivered,4.1
ORD-2026-1006,2026-06-18 21:41:27,Ikeja,Grills & Suya,BBQ Chicken Quarters,12000,800,500,12300,20,23,Delivered,4.1
ORD-2026-1007,2026-06-29 20:46:50,Ikeja,Local Delicacies,Pounded Yam & Egusi,12000,2000,0,14000,19,44,Delivered,3.7
ORD-2026-1008,2026-06-13 12:02:36,Gbagada,Local Delicacies,Amala & Abula,4500,800,0,5300,24,39,Cancelled,
ORD-2026-1009,2026-06-20 08:38:17,Yaba,Local Delicacies,Jollof Rice & Fried Chicken,6500,1000,500,7000,22,30,Delivered,3.6
ORD-2026-1010,2026-05-04 16:49:57,Gbagada,Local Delicacies,Jollof Rice & Fried Chicken,6500,1200,0,7700,20,31,Delivered,4.9
ORD-2026-1011,2026-05-09 13:19:27,Surulere,Grills & Suya,BBQ Chicken Quarters,6500,2000,0,8500,15,20,Delivered,4.3
ORD-2026-1012,2026-06-16 11:07:46,Ikeja,Fast Food,Crispy Chicken Wings,4500,2000,0,6500,22,45,Delivered,4.5
ORD-2026-1013,2026-06-04 11:49:39,Ikeja,Local Delicacies,Amala & Abula,4500,2000,0,6500,24,45,Delivered,3.7
ORD-2026-1014,2026-05-04 20:53:41,Yaba,Fast Food,Crispy Chicken Wings,3500,2000,0,5500,14,39,Delivered,4.9
ORD-2026-1015,2026-05-04 21:17:25,Surulere,Grills & Suya,BBQ Chicken Quarters,4500,1200,0,5700,13,23,Delivered,4.0
ORD-2026-1016,2026-06-13 16:35:13,Ikeja,Fast Food,Beef Burger & Fries,12000,1500,0,13500,16,27,Delivered,4.5
ORD-2026-1017,2026-05-31 22:13:22,Victoria Island,Fast Food,Shawarma Special,12000,1200,0,13200,19,21,Delivered,4.1
ORD-2026-1018,2026-06-29 19:15:44,Victoria Island,Local Delicacies,Jollof Rice & Fried Chicken,6500,1000,0,7500,20,29,Delivered,4.1
ORD-2026-1019,2026-05-18 13:24:59,Ikeja,Local Delicacies,Fried Plantain & Asun,3500,800,0,4300,18,45,Delivered,4.7
ORD-2026-1020,2026-06-29 12:28:14,Lekki Phase 1,Local Delicacies,Pounded Yam & Egusi,12000,1000,0,13000,25,36,Delivered,4.3
ORD-2026-1021,2026-06-14 21:08:23,Ikeja,Local Delicacies,Jollof Rice & Fried Chicken,8000,1000,0,9000,20,33,Delivered,4.4
ORD-2026-1022,2026-05-01 21:10:50,Ikeja,Local Delicacies,Amala & Abula,6500,2000,0,8500,19,26,Delivered,3.9
ORD-2026-1023,2026-05-17 10:32:58,Victoria Island,Grills & Suya,BBQ Chicken Quarters,4500,800,500,4800,27,38,Delivered,4.0
ORD-2026-1024,2026-05-05 09:40:27,Lekki Phase 1,Grills & Suya,BBQ Chicken Quarters,6500,1500,500,7500,26,42,Delivered,4.8
ORD-2026-1025,2026-05-07 11:33:32,Lekki Phase 1,Local Delicacies,Pounded Yam & Egusi,12000,1000,0,13000,31,28,Delivered,4.5
ORD-2026-1026,2026-06-17 20:23:36,Ikeja,Local Delicacies,Pounded Yam & Egusi,3500,1000,0,4500,15,32,Delivered,4.1
ORD-2026-1027,2026-06-04 20:26:34,Victoria Island,Grills & Suya,Spicy Beef Suya,6500,1000,0,7500,14,43,Delivered,3.7
ORD-2026-1028,2026-05-01 21:13:02,Ikeja,Local Delicacies,Pounded Yam & Egusi,4500,800,0,5300,14,19,Delivered,4.6
ORD-2026-1029,2026-05-01 17:13:38,Surulere,Continental,Club Sandwich,6500,1000,0,7500,11,27,Cancelled,
ORD-2026-1030,2026-05-27 21:25:41,Victoria Island,Fast Food,Crispy Chicken Wings,4500,1500,0,6000,12,45,Delivered,4.3
ORD-2026-1031,2026-06-29 21:31:38,Victoria Island,Local Delicacies,Jollof Rice & Fried Chicken,5000,2000,0,7000,18,38,Delivered,3.7
ORD-2026-1032,2026-06-18 18:29:36,Yaba,Fast Food,Shawarma Special,5000,2000,0,7000,28,36,Delivered,4.6
ORD-2026-1033,2026-05-23 21:42:28,Gbagada,Grills & Suya,BBQ Chicken Quarters,12000,1000,500,12500,11,36,Delivered,4.6
ORD-2026-1034,2026-06-05 17:58:50,Ikeja,Local Delicacies,Amala & Abula,3500,1500,0,5000,22,26,Delivered,4.8
ORD-2026-1035,2026-05-22 09:44:56,Victoria Island,Local Delicacies,Fried Plantain & Asun,3500,1000,0,4500,22,24,Delivered,4.4
ORD-2026-1036,2026-06-22 11:43:43,Lekki Phase 1,Fast Food,Shawarma Special,6500,2000,0,8500,17,42,Delivered,4.1
ORD-2026-1037,2026-05-20 10:57:54,Victoria Island,Grills & Suya,Grilled Catfish,8000,2000,0,10000,12,26,Delivered,4.8
ORD-2026-1038,2026-05-28 20:32:00,Surulere,Local Delicacies,Pounded Yam & Egusi,12000,1000,0,13000,17,36,Delivered,4.5
ORD-2026-1039,2026-06-26 12:51:12,Lekki Phase 1,Local Delicacies,Jollof Rice & Fried Chicken,12000,800,0,12800,17,41,Delivered,4.3
ORD-2026-1040,2026-06-10 20:07:26,Yaba,Local Delicacies,Pounded Yam & Egusi,3500,1200,0,4700,12,16,Delivered,4.6
ORD-2026-1041,2026-05-09 12:50:41,Victoria Island,Continental,Chicken Caesar Salad,4500,800,0,5300,25,38,Delivered,4.5
ORD-2026-1042,2026-06-13 14:53:31,Lekki Phase 1,Fast Food,Crispy Chicken Wings,6500,2000,0,8500,27,43,Delivered,4.4
ORD-2026-1043,2026-06-01 18:48:48,Lekki Phase 1,Fast Food,Shawarma Special,5000,800,0,5800,15,33,Delivered,4.3
ORD-2026-1044,2026-06-27 16:38:01,Ikeja,Local Delicacies,Amala & Abula,8000,1200,0,9200,23,63,Delivered,3.5
ORD-2026-1045,2026-05-03 12:55:16,Gbagada,Local Delicacies,Pounded Yam & Egusi,6500,1000,0,7500,25,31,Delivered,3.6
ORD-2026-1046,2026-06-28 13:27:53,Yaba,Grills & Suya,BBQ Chicken Quarters,8000,2000,0,10000,21,43,Delivered,4.0
ORD-2026-1047,2026-05-23 12:00:18,Ikeja,Continental,Club Sandwich,6500,2000,0,8500,23,25,Cancelled,
ORD-2026-1048,2026-05-02 13:31:05,Gbagada,Fast Food,Beef Burger & Fries,8000,800,1000,7800,18,31,Delivered,4.7
ORD-2026-1049,2026-06-01 21:10:55,Lekki Phase 1,Fast Food,Beef Burger & Fries,4500,800,0,5300,12,26,Delivered,4.3
ORD-2026-1050,2026-06-28 20:23:04,Lekki Phase 1,Fast Food,Shawarma Special,8000,1000,500,8500,14,49,Cancelled,
ORD-2026-1051,2026-06-21 16:10:47,Lekki Phase 1,Local Delicacies,Fried Plantain & Asun,3500,2000,500,5000,22,29,Delivered,3.6
ORD-2026-1052,2026-05-16 11:58:05,Lekki Phase 1,Local Delicacies,Fried Plantain & Asun,12000,1500,500,13000,19,31,Delivered,3.9
ORD-2026-1053,2026-05-16 18:59:58,Victoria Island,Fast Food,Beef Burger & Fries,4500,1200,500,5200,16,24,Delivered,4.1
ORD-2026-1054,2026-06-05 14:18:19,Victoria Island,Local Delicacies,Amala & Abula,6500,1000,500,7000,16,25,Delivered,4.5
ORD-2026-1055,2026-06-01 12:32:39,Ikeja,Continental,Club Sandwich,12000,1000,0,13000,23,18,Delivered,4.9
ORD-2026-1056,2026-06-08 08:10:27,Ikeja,Grills & Suya,BBQ Chicken Quarters,5000,1200,0,6200,21,39,Delivered,4.7
ORD-2026-1057,2026-06-26 21:30:29,Surulere,Fast Food,Crispy Chicken Wings,6500,1500,0,8000,23,39,In Transit,
ORD-2026-1058,2026-06-11 18:15:25,Lekki Phase 1,Local Delicacies,Jollof Rice & Fried Chicken,6500,1500,0,8000,21,47,Delivered,5.0
ORD-2026-1059,2026-06-17 18:48:01,Victoria Island,Local Delicacies,Pounded Yam & Egusi,8000,2000,0,10000,14,39,Delivered,4.6
ORD-2026-1060,2026-05-01 18:04:36,Gbagada,Local Delicacies,Jollof Rice & Fried Chicken,6500,2000,0,8500,19,39,In Transit,
ORD-2026-1061,2026-06-01 12:40:34,Lekki Phase 1,Local Delicacies,Jollof Rice & Fried Chicken,4500,1000,0,5500,26,25,Delivered,3.7
ORD-2026-1062,2026-05-19 10:19:23,Gbagada,Fast Food,Crispy Chicken Wings,8000,800,0,8800,17,38,Delivered,4.4
ORD-2026-1063,2026-06-23 22:51:10,Lekki Phase 1,Local Delicacies,Fried Plantain & Asun,4500,800,0,5300,26,54,Delivered,5.0
ORD-2026-1064,2026-06-18 20:39:19,Lekki Phase 1,Fast Food,Beef Burger & Fries,3500,1000,0,4500,24,36,Delivered,4.2
ORD-2026-1065,2026-06-04 12:34:24,Lekki Phase 1,Continental,Club Sandwich,3500,800,0,4300,18,46,Delivered,4.6
ORD-2026-1066,2026-05-29 20:17:01,Lekki Phase 1,Local Delicacies,Fried Plantain & Asun,6500,1500,0,8000,19,39,Delivered,4.9
ORD-2026-1067,2026-06-23 19:40:35,Ikeja,Grills & Suya,BBQ Chicken Quarters,12000,1000,500,12500,18,35,Delivered,4.2
ORD-2026-1068,2026-06-02 20:20:47,Victoria Island,Grills & Suya,BBQ Chicken Quarters,4500,2000,500,6000,22,31,Delivered,3.6
ORD-2026-1069,2026-05-20 21:02:16,Ikeja,Local Delicacies,Fried Plantain & Asun,8000,800,0,8800,18,28,Delivered,4.5
ORD-2026-1070,2026-06-02 14:50:21,Ikeja,Grills & Suya,BBQ Chicken Quarters,5000,800,0,5800,19,33,Delivered,4.7
ORD-2026-1071,2026-06-24 20:37:37,Lekki Phase 1,Grills & Suya,Spicy Beef Suya,3500,2000,0,5500,20,56,Delivered,5.0
ORD-2026-1072,2026-06-14 14:26:33,Victoria Island,Grills & Suya,BBQ Chicken Quarters,3500,2000,0,5500,23,34,Delivered,4.1
ORD-2026-1073,2026-05-21 18:46:32,Ikeja,Local Delicacies,Jollof Rice & Fried Chicken,5000,800,0,5800,16,22,Delivered,4.9
ORD-2026-1074,2026-05-05 14:03:34,Lekki Phase 1,Local Delicacies,Amala & Abula,12000,1500,0,13500,22,28,Delivered,4.9
ORD-2026-1075,2026-06-18 18:27:29,Yaba,Local Delicacies,Fried Plantain & Asun,6500,1000,0,7500,31,38,Delivered,4.1
ORD-2026-1076,2026-05-29 20:34:59,Ikeja,Grills & Suya,BBQ Chicken Quarters,4500,1000,0,5500,15,41,Delivered,3.5
ORD-2026-1077,2026-06-10 15:48:45,Surulere,Fast Food,Shawarma Special,5000,1000,0,6000,19,27,Delivered,3.9
ORD-2026-1078,2026-06-22 18:32:51,Surulere,Local Delicacies,Fried Plantain & Asun,3500,1500,0,5000,28,27,Delivered,4.1
ORD-2026-1079,2026-05-21 12:02:17,Lekki Phase 1,Continental,Club Sandwich,5000,1200,0,6200,25,25,Delivered,3.9
ORD-2026-1080,2026-05-25 20:57:02,Lekki Phase 1,Local Delicacies,Pounded Yam & Egusi,12000,2000,0,14000,14,46,Delivered,4.6
ORD-2026-1081,2026-06-09 13:31:46,Ikeja,Local Delicacies,Fried Plantain & Asun,6500,1200,0,7700,14,33,Delivered,4.7
ORD-2026-1082,2026-05-22 21:26:41,Gbagada,Continental,Club Sandwich,8000,800,0,8800,25,59,Delivered,4.1
ORD-2026-1083,2026-05-02 12:08:42,Lekki Phase 1,Fast Food,Shawarma Special,5000,2000,0,7000,15,40,Delivered,4.6
ORD-2026-1084,2026-06-23 19:41:54,Lekki Phase 1,Local Delicacies,Jollof Rice & Fried Chicken,8000,1000,500,8500,21,26,Delivered,4.2
ORD-2026-1085,2026-05-26 08:23:12,Victoria Island,Local Delicacies,Jollof Rice & Fried Chicken,5000,2000,0,7000,12,44,Delivered,4.4
ORD-2026-1086,2026-06-29 12:35:44,Lekki Phase 1,Local Delicacies,Fried Plantain & Asun,8000,800,0,8800,28,15,Delivered,4.5
ORD-2026-1087,2026-05-20 20:15:13,Ikeja,Local Delicacies,Amala & Abula,4500,1000,0,5500,20,26,Delivered,4.3
ORD-2026-1088,2026-05-12 17:27:33,Victoria Island,Local Delicacies,Jollof Rice & Fried Chicken,6500,2000,0,8500,23,48,Delivered,4.4
ORD-2026-1089,2026-05-02 21:21:50,Ikeja,Local Delicacies,Amala & Abula,8000,1200,0,9200,20,40,Delivered,4.6
ORD-2026-1090,2026-05-25 20:21:57,Ikeja,Grills & Suya,Spicy Beef Suya,12000,2000,0,14000,13,15,Delivered,4.4
ORD-2026-1091,2026-06-27 18:41:05,Victoria Island,Continental,Club Sandwich,5000,800,0,5800,26,48,Delivered,4.5
ORD-2026-1092,2026-05-15 18:36:32,Gbagada,Continental,Chicken Caesar Salad,6500,1200,0,7700,26,38,Delivered,4.2
ORD-2026-1093,2026-05-08 11:43:04,Yaba,Continental,Chicken Caesar Salad,6500,1500,0,8000,18,15,Delivered,4.5
ORD-2026-1094,2026-06-08 19:31:51,Victoria Island,Grills & Suya,Grilled Catfish,8000,1200,0,9200,19,38,Delivered,4.6
ORD-2026-1095,2026-05-30 21:39:51,Victoria Island,Fast Food,Crispy Chicken Wings,12000,800,0,12800,21,19,Delivered,3.7
ORD-2026-1096,2026-05-16 11:41:29,Surulere,Grills & Suya,Grilled Catfish,12000,1000,0,13000,15,35,Delivered,4.4
ORD-2026-1097,2026-05-19 17:18:27,Ikeja,Local Delicacies,Pounded Yam & Egusi,8000,800,0,8800,26,37,Delivered,4.0
ORD-2026-1098,2026-06-27 19:25:52,Victoria Island,Local Delicacies,Pounded Yam & Egusi,8000,1200,0,9200,22,42,Delivered,4.8
ORD-2026-1099,2026-05-23 18:52:00,Victoria Island,Local Delicacies,Pounded Yam & Egusi,12000,1000,0,13000,14,39,Delivered,4.7
ORD-2026-1100,2026-06-27 17:33:31,Victoria Island,Fast Food,Crispy Chicken Wings,4500,1000,0,5500,22,45,Delivered,4.9
ORD-2026-1101,2026-06-23 22:44:52,Lekki Phase 1,Local Delicacies,Amala & Abula,3500,2000,0,5500,14,37,Delivered,3.8
ORD-2026-1102,2026-05-01 17:04:21,Ikeja,Fast Food,Crispy Chicken Wings,8000,800,0,8800,16,28,Delivered,3.9
ORD-2026-1103,2026-05-29 18:25:15,Surulere,Fast Food,Crispy Chicken Wings,5000,800,0,5800,17,16,Delivered,5.0
ORD-2026-1104,2026-06-20 08:28:13,Lekki Phase 1,Local Delicacies,Pounded Yam & Egusi,4500,1200,0,5700,22,31,Delivered,4.9
ORD-2026-1105,2026-05-28 12:29:45,Ikeja,Fast Food,Crispy Chicken Wings,8000,1500,0,9500,10,53,Delivered,4.7
ORD-2026-1106,2026-06-21 13:25:47,Lekki Phase 1,Fast Food,Crispy Chicken Wings,5000,800,0,5800,13,15,Delivered,4.8
ORD-2026-1107,2026-05-21 12:29:36,Victoria Island,Local Delicacies,Fried Plantain & Asun,8000,1000,0,9000,22,55,Delivered,4.5
ORD-2026-1108,2026-05-23 20:04:35,Victoria Island,Local Delicacies,Pounded Yam & Egusi,4500,2000,0,6500,14,35,Delivered,4.0
ORD-2026-1109,2026-06-03 13:57:18,Ikeja,Local Delicacies,Pounded Yam & Egusi,5000,800,1000,4800,14,42,Delivered,3.7
ORD-2026-1110,2026-06-27 19:44:03,Yaba,Continental,Seafood Pasta,12000,1500,0,13500,21,40,Delivered,3.6
ORD-2026-1111,2026-05-16 21:01:48,Lekki Phase 1,Continental,Seafood Pasta,4500,800,0,5300,27,20,Delivered,4.7
ORD-2026-1112,2026-05-28 14:19:23,Ikeja,Fast Food,Shawarma Special,4500,1000,0,5500,23,29,In Transit,
ORD-2026-1113,2026-05-12 18:32:32,Ikeja,Local Delicacies,Pounded Yam & Egusi,3500,1500,0,5000,20,33,Delivered,5.0
ORD-2026-1114,2026-06-20 11:02:00,Lekki Phase 1,Local Delicacies,Jollof Rice & Fried Chicken,12000,1200,0,13200,24,29,Delivered,3.6
ORD-2026-1115,2026-06-02 10:43:28,Lekki Phase 1,Continental,Chicken Caesar Salad,6500,800,0,7300,22,25,Delivered,4.7
ORD-2026-1116,2026-05-13 20:01:50,Ikeja,Local Delicacies,Jollof Rice & Fried Chicken,4500,1000,0,5500,16,40,Delivered,4.5
ORD-2026-1117,2026-06-19 08:25:07,Ikeja,Local Delicacies,Amala & Abula,5000,2000,0,7000,24,38,Delivered,4.1
ORD-2026-1118,2026-05-29 09:33:50,Surulere,Grills & Suya,Grilled Catfish,5000,1000,0,6000,16,28,Delivered,4.0
ORD-2026-1119,2026-06-10 13:52:49,Victoria Island,Local Delicacies,Jollof Rice & Fried Chicken,5000,1500,0,6500,13,47,Delivered,4.5
ORD-2026-1120,2026-06-14 22:35:24,Gbagada,Fast Food,Shawarma Special,12000,1200,0,13200,19,33,Delivered,4.2
ORD-2026-1121,2026-05-21 11:09:36,Yaba,Local Delicacies,Amala & Abula,4500,1500,0,6000,16,33,Delivered,4.4
ORD-2026-1122,2026-05-09 14:48:34,Yaba,Local Delicacies,Amala & Abula,3500,1200,0,4700,20,54,Delivered,3.7
ORD-2026-1123,2026-06-17 12:38:31,Lekki Phase 1,Grills & Suya,Grilled Catfish,12000,1000,0,13000,18,61,Delivered,4.2
ORD-2026-1124,2026-05-24 22:36:11,Ikeja,Continental,Chicken Caesar Salad,12000,1000,0,13000,23,56,Delivered,4.1
ORD-2026-1125,2026-06-18 17:24:34,Ikeja,Fast Food,Beef Burger & Fries,4500,2000,0,6500,19,28,Delivered,4.9
ORD-2026-1126,2026-06-10 12:19:47,Gbagada,Local Delicacies,Amala & Abula,4500,1200,0,5700,23,18,Delivered,4.9
ORD-2026-1127,2026-05-25 14:18:48,Ikeja,Fast Food,Shawarma Special,3500,1500,0,5000,25,50,Delivered,3.6
ORD-2026-1128,2026-06-05 12:18:11,Lekki Phase 1,Local Delicacies,Fried Plantain & Asun,5000,1500,1000,5500,22,38,Delivered,3.6
ORD-2026-1129,2026-05-09 20:30:51,Ikeja,Continental,Chicken Caesar Salad,3500,1200,0,4700,18,37,Delivered,4.7
ORD-2026-1130,2026-05-19 19:04:34,Victoria Island,Local Delicacies,Amala & Abula,12000,1000,0,13000,15,38,Delivered,4.8
ORD-2026-1131,2026-05-12 14:20:35,Ikeja,Fast Food,Beef Burger & Fries,3500,1200,0,4700,16,40,Delivered,4.8
ORD-2026-1132,2026-06-22 08:38:44,Lekki Phase 1,Continental,Club Sandwich,5000,800,0,5800,21,34,Delivered,4.3
ORD-2026-1133,2026-06-22 21:13:30,Lekki Phase 1,Grills & Suya,BBQ Chicken Quarters,5000,1000,0,6000,10,56,Delivered,3.6
ORD-2026-1134,2026-06-27 21:28:42,Victoria Island,Fast Food,Crispy Chicken Wings,12000,800,0,12800,14,39,Delivered,4.4
ORD-2026-1135,2026-05-11 18:08:09,Ikeja,Continental,Chicken Caesar Salad,8000,1000,0,9000,23,28,Delivered,5.0
ORD-2026-1136,2026-06-27 19:37:06,Victoria Island,Fast Food,Crispy Chicken Wings,3500,1000,0,4500,17,42,Delivered,3.5
ORD-2026-1137,2026-06-15 09:08:49,Gbagada,Continental,Chicken Caesar Salad,6500,800,0,7300,20,33,Cancelled,
ORD-2026-1138,2026-05-27 15:28:36,Surulere,Fast Food,Beef Burger & Fries,8000,800,0,8800,17,47,Delivered,3.6
ORD-2026-1139,2026-06-07 22:44:00,Lekki Phase 1,Fast Food,Crispy Chicken Wings,4500,2000,0,6500,20,25,Delivered,4.9
ORD-2026-1140,2026-05-22 17:06:24,Victoria Island,Continental,Chicken Caesar Salad,8000,1500,0,9500,17,46,Delivered,4.0
ORD-2026-1141,2026-06-14 16:59:30,Ikeja,Fast Food,Beef Burger & Fries,3500,2000,0,5500,23,58,Delivered,5.0
ORD-2026-1142,2026-05-19 16:38:26,Yaba,Local Delicacies,Fried Plantain & Asun,4500,2000,0,6500,22,15,Delivered,4.0
ORD-2026-1143,2026-05-10 17:02:44,Lekki Phase 1,Continental,Seafood Pasta,3500,1200,0,4700,23,25,Delivered,4.1
ORD-2026-1144,2026-05-13 20:57:19,Yaba,Local Delicacies,Jollof Rice & Fried Chicken,8000,2000,0,10000,21,32,Delivered,4.6
ORD-2026-1145,2026-05-28 17:40:38,Lekki Phase 1,Continental,Chicken Caesar Salad,3500,1500,0,5000,19,37,Cancelled,
ORD-2026-1146,2026-05-01 11:56:59,Victoria Island,Local Delicacies,Pounded Yam & Egusi,3500,1500,0,5000,12,36,Delivered,4.1
ORD-2026-1147,2026-06-18 12:37:52,Surulere,Grills & Suya,BBQ Chicken Quarters,6500,1200,0,7700,15,20,Delivered,4.3
ORD-2026-1148,2026-05-06 15:31:44,Ikeja,Local Delicacies,Amala & Abula,6500,1500,0,8000,10,58,In Transit,
ORD-2026-1149,2026-06-16 16:20:10,Yaba,Local Delicacies,Pounded Yam & Egusi,12000,1000,0,13000,22,25,Delivered,4.6
ORD-2026-1150,2026-06-29 14:18:19,Victoria Island,Fast Food,Beef Burger & Fries,8000,1000,0,9000,20,33,Delivered,4.0
ORD-2026-1151,2026-06-26 12:48:13,Ikeja,Local Delicacies,Fried Plantain & Asun,6500,800,0,7300,29,43,Delivered,4.2
ORD-2026-1152,2026-05-15 19:53:53,Lekki Phase 1,Local Delicacies,Amala & Abula,4500,1200,0,5700,10,42,Delivered,4.3
ORD-2026-1153,2026-05-03 08:10:11,Lekki Phase 1,Local Delicacies,Pounded Yam & Egusi,6500,800,0,7300,16,32,Delivered,3.6
ORD-2026-1154,2026-05-10 22:37:11,Ikeja,Local Delicacies,Fried Plantain & Asun,5000,800,500,5300,20,44,Delivered,4.7
ORD-2026-1155,2026-05-24 13:27:35,Gbagada,Fast Food,Crispy Chicken Wings,4500,1500,0,6000,14,34,Delivered,4.0
ORD-2026-1156,2026-05-26 18:49:27,Yaba,Grills & Suya,Grilled Catfish,4500,800,0,5300,14,17,Delivered,4.1
ORD-2026-1157,2026-05-28 18:26:53,Ikeja,Local Delicacies,Pounded Yam & Egusi,6500,1000,0,7500,26,16,Cancelled,
ORD-2026-1158,2026-05-17 19:19:12,Victoria Island,Local Delicacies,Pounded Yam & Egusi,4500,1500,0,6000,14,16,Delivered,4.5
ORD-2026-1159,2026-05-28 19:45:34,Ikeja,Local Delicacies,Amala & Abula,4500,800,0,5300,14,38,Delivered,4.6
ORD-2026-1160,2026-05-06 22:04:46,Ikeja,Fast Food,Shawarma Special,5000,1000,0,6000,30,43,Delivered,4.8
ORD-2026-1161,2026-05-25 20:49:58,Ikeja,Local Delicacies,Pounded Yam & Egusi,12000,1200,0,13200,24,34,Delivered,4.8
ORD-2026-1162,2026-06-14 12:53:00,Lekki Phase 1,Grills & Suya,BBQ Chicken Quarters,12000,1000,500,12500,20,27,Delivered,4.5
ORD-2026-1163,2026-05-18 08:10:20,Lekki Phase 1,Local Delicacies,Amala & Abula,12000,1500,0,13500,20,49,Delivered,4.1
ORD-2026-1164,2026-05-26 20:58:26,Lekki Phase 1,Local Delicacies,Jollof Rice & Fried Chicken,12000,800,0,12800,25,26,Cancelled,
ORD-2026-1165,2026-06-18 09:40:34,Yaba,Continental,Chicken Caesar Salad,3500,1200,0,4700,21,30,Delivered,4.7
ORD-2026-1166,2026-05-01 21:05:27,Lekki Phase 1,Fast Food,Beef Burger & Fries,12000,2000,0,14000,22,15,Delivered,4.0
ORD-2026-1167,2026-05-17 19:37:02,Victoria Island,Fast Food,Beef Burger & Fries,3500,800,500,3800,22,51,Delivered,3.5
ORD-2026-1168,2026-06-22 19:36:09,Victoria Island,Fast Food,Beef Burger & Fries,6500,800,0,7300,29,28,Delivered,4.5
ORD-2026-1169,2026-05-10 19:13:08,Surulere,Local Delicacies,Jollof Rice & Fried Chicken,5000,1500,0,6500,24,26,Delivered,3.8
ORD-2026-1170,2026-06-15 19:12:03,Lekki Phase 1,Local Delicacies,Fried Plantain & Asun,5000,2000,0,7000,25,40,Delivered,4.8
ORD-2026-1171,2026-05-01 22:33:27,Lekki Phase 1,Fast Food,Crispy Chicken Wings,8000,1200,0,9200,18,49,Delivered,4.9
ORD-2026-1172,2026-05-31 13:57:33,Surulere,Local Delicacies,Amala & Abula,6500,800,0,7300,19,19,Delivered,4.4
ORD-2026-1173,2026-06-23 10:49:11,Lekki Phase 1,Local Delicacies,Amala & Abula,3500,1500,500,4500,13,39,Delivered,4.5
ORD-2026-1174,2026-05-01 19:29:29,Victoria Island,Grills & Suya,Spicy Beef Suya,8000,1000,0,9000,23,58,Delivered,3.9
ORD-2026-1175,2026-06-28 21:46:22,Lekki Phase 1,Fast Food,Shawarma Special,12000,2000,0,14000,18,47,Delivered,4.6
ORD-2026-1176,2026-05-15 16:01:10,Victoria Island,Local Delicacies,Fried Plantain & Asun,12000,1200,0,13200,25,33,Delivered,4.8
ORD-2026-1177,2026-06-20 22:59:33,Ikeja,Grills & Suya,Spicy Beef Suya,5000,2000,0,7000,16,41,Delivered,3.8
ORD-2026-1178,2026-06-07 13:29:14,Ikeja,Local Delicacies,Fried Plantain & Asun,6500,800,0,7300,16,43,Delivered,3.7
ORD-2026-1179,2026-05-27 13:51:56,Lekki Phase 1,Fast Food,Beef Burger & Fries,12000,2000,500,13500,16,43,Delivered,4.6
ORD-2026-1180,2026-06-07 21:59:29,Gbagada,Grills & Suya,Spicy Beef Suya,6500,1200,0,7700,22,33,Delivered,4.6
ORD-2026-1181,2026-06-24 12:04:28,Yaba,Local Delicacies,Fried Plantain & Asun,5000,2000,0,7000,19,40,Delivered,4.3
ORD-2026-1182,2026-05-04 12:09:16,Surulere,Continental,Seafood Pasta,12000,800,0,12800,23,24,In Transit,
ORD-2026-1183,2026-06-29 19:33:05,Victoria Island,Grills & Suya,BBQ Chicken Quarters,4500,1200,0,5700,20,28,Delivered,4.9
ORD-2026-1184,2026-06-22 20:42:42,Yaba,Fast Food,Crispy Chicken Wings,5000,1200,0,6200,26,42,Delivered,4.3
ORD-2026-1185,2026-06-17 21:56:22,Yaba,Grills & Suya,BBQ Chicken Quarters,4500,2000,0,6500,23,34,Delivered,4.1
ORD-2026-1186,2026-06-24 14:53:15,Yaba,Fast Food,Crispy Chicken Wings,12000,800,0,12800,24,33,Delivered,3.7
ORD-2026-1187,2026-05-08 18:55:24,Victoria Island,Continental,Club Sandwich,3500,1000,0,4500,20,32,Delivered,4.3
ORD-2026-1188,2026-05-03 10:28:31,Lekki Phase 1,Local Delicacies,Jollof Rice & Fried Chicken,3500,1500,0,5000,26,42,Delivered,4.3
ORD-2026-1189,2026-06-19 14:18:20,Yaba,Fast Food,Beef Burger & Fries,4500,2000,0,6500,25,30,Delivered,4.9
ORD-2026-1190,2026-05-05 13:21:20,Gbagada,Local Delicacies,Amala & Abula,3500,1200,0,4700,19,44,Delivered,3.8
ORD-2026-1191,2026-05-06 12:11:25,Yaba,Continental,Chicken Caesar Salad,3500,800,0,4300,14,42,Delivered,4.6
ORD-2026-1192,2026-06-15 20:25:44,Lekki Phase 1,Fast Food,Beef Burger & Fries,6500,1200,0,7700,15,49,Delivered,4.6
ORD-2026-1193,2026-05-27 12:46:56,Gbagada,Local Delicacies,Pounded Yam & Egusi,8000,800,0,8800,14,40,Delivered,3.7
ORD-2026-1194,2026-05-22 20:42:47,Victoria Island,Local Delicacies,Pounded Yam & Egusi,6500,800,0,7300,22,37,Delivered,4.1
ORD-2026-1195,2026-05-17 12:07:48,Victoria Island,Grills & Suya,Spicy Beef Suya,4500,1500,0,6000,10,27,Delivered,3.9
ORD-2026-1196,2026-06-04 21:46:55,Ikeja,Local Delicacies,Pounded Yam & Egusi,5000,1200,0,6200,15,44,Delivered,3.9
ORD-2026-1197,2026-05-22 18:22:13,Gbagada,Fast Food,Beef Burger & Fries,8000,800,500,8300,20,20,Delivered,3.9
ORD-2026-1198,2026-05-24 09:13:58,Yaba,Grills & Suya,BBQ Chicken Quarters,5000,1000,0,6000,20,30,Delivered,4.5
ORD-2026-1199,2026-06-25 14:46:22,Victoria Island,Local Delicacies,Fried Plantain & Asun,5000,2000,0,7000,23,42,In Transit,
ORD-2026-1200,2026-06-15 11:44:17,Lekki Phase 1,Local Delicacies,Fried Plantain & Asun,4500,1000,0,5500,14,32,Delivered,4.3
ORD-2026-1201,2026-06-27 14:14:24,Victoria Island,Local Delicacies,Fried Plantain & Asun,8000,800,0,8800,14,42,Delivered,4.5
ORD-2026-1202,2026-06-24 13:38:56,Ikeja,Fast Food,Beef Burger & Fries,6500,1500,0,8000,24,39,Delivered,4.8
ORD-2026-1203,2026-05-17 13:43:24,Lekki Phase 1,Local Delicacies,Fried Plantain & Asun,6500,1000,0,7500,22,51,Delivered,4.7
ORD-2026-1204,2026-05-17 12:03:09,Lekki Phase 1,Grills & Suya,Spicy Beef Suya,6500,1500,0,8000,25,29,Delivered,3.6
ORD-2026-1205,2026-05-03 13:46:35,Ikeja,Grills & Suya,Spicy Beef Suya,12000,1000,0,13000,22,31,Delivered,3.5
ORD-2026-1206,2026-06-16 17:07:39,Victoria Island,Fast Food,Crispy Chicken Wings,4500,1500,0,6000,23,29,Delivered,4.1
ORD-2026-1207,2026-06-18 13:40:36,Lekki Phase 1,Local Delicacies,Pounded Yam & Egusi,4500,1200,0,5700,12,49,Delivered,3.5
ORD-2026-1208,2026-05-06 22:33:58,Ikeja,Local Delicacies,Pounded Yam & Egusi,4500,800,0,5300,15,26,Delivered,4.0
ORD-2026-1209,2026-06-25 20:36:56,Lekki Phase 1,Local Delicacies,Pounded Yam & Egusi,6500,1000,0,7500,15,33,Delivered,3.8
ORD-2026-1210,2026-06-02 19:05:05,Lekki Phase 1,Grills & Suya,Spicy Beef Suya,5000,2000,0,7000,26,38,Delivered,4.3
ORD-2026-1211,2026-06-24 20:10:29,Surulere,Fast Food,Crispy Chicken Wings,5000,800,0,5800,22,25,Delivered,3.8
ORD-2026-1212,2026-05-31 12:54:02,Surulere,Local Delicacies,Fried Plantain & Asun,3500,1000,0,4500,25,37,Delivered,5.0
ORD-2026-1213,2026-06-20 19:35:23,Victoria Island,Local Delicacies,Amala & Abula,5000,800,0,5800,20,24,Delivered,3.8
ORD-2026-1214,2026-05-31 11:27:10,Gbagada,Local Delicacies,Pounded Yam & Egusi,4500,800,0,5300,16,30,Delivered,3.9
ORD-2026-1215,2026-05-04 20:48:29,Yaba,Continental,Chicken Caesar Salad,6500,1500,0,8000,15,24,Delivered,4.7
ORD-2026-1216,2026-06-25 16:56:01,Ikeja,Fast Food,Shawarma Special,12000,1000,0,13000,23,18,Delivered,4.1
ORD-2026-1217,2026-05-15 13:50:44,Victoria Island,Fast Food,Beef Burger & Fries,6500,1000,0,7500,10,49,Delivered,3.7
ORD-2026-1218,2026-06-13 13:53:03,Ikeja,Fast Food,Shawarma Special,3500,1500,500,4500,16,32,Delivered,3.6
ORD-2026-1219,2026-05-19 18:48:11,Ikeja,Local Delicacies,Amala & Abula,8000,1200,0,9200,21,47,Delivered,3.6
ORD-2026-1220,2026-06-16 16:37:36,Ikeja,Fast Food,Beef Burger & Fries,4500,2000,0,6500,23,35,Delivered,4.7
ORD-2026-1221,2026-05-11 15:42:02,Yaba,Continental,Chicken Caesar Salad,12000,1000,0,13000,17,28,Delivered,4.1
ORD-2026-1222,2026-06-02 13:04:22,Gbagada,Local Delicacies,Jollof Rice & Fried Chicken,6500,1000,500,7000,18,24,Delivered,3.7
ORD-2026-1223,2026-05-10 15:39:01,Gbagada,Continental,Seafood Pasta,4500,1000,0,5500,10,36,Delivered,4.0
ORD-2026-1224,2026-05-20 19:08:16,Victoria Island,Local Delicacies,Fried Plantain & Asun,4500,800,0,5300,15,37,Delivered,4.6
ORD-2026-1225,2026-05-09 20:54:34,Gbagada,Fast Food,Shawarma Special,4500,800,500,4800,20,26,Delivered,4.1
ORD-2026-1226,2026-05-30 19:59:43,Ikeja,Fast Food,Beef Burger & Fries,5000,800,0,5800,12,46,Delivered,4.2
ORD-2026-1227,2026-06-19 14:08:33,Ikeja,Local Delicacies,Fried Plantain & Asun,4500,1500,0,6000,25,36,Delivered,4.9
ORD-2026-1228,2026-05-12 12:39:21,Ikeja,Grills & Suya,BBQ Chicken Quarters,4500,1200,0,5700,19,15,Delivered,4.7
ORD-2026-1229,2026-06-29 22:10:40,Ikeja,Local Delicacies,Pounded Yam & Egusi,3500,2000,0,5500,20,31,Delivered,3.6
ORD-2026-1230,2026-06-06 20:34:20,Ikeja,Grills & Suya,BBQ Chicken Quarters,3500,2000,0,5500,13,50,Delivered,4.5
ORD-2026-1231,2026-06-06 10:13:25,Victoria Island,Local Delicacies,Pounded Yam & Egusi,6500,1200,0,7700,29,46,Delivered,4.1
ORD-2026-1232,2026-05-04 13:24:17,Victoria Island,Fast Food,Crispy Chicken Wings,12000,1000,0,13000,14,32,Cancelled,
ORD-2026-1233,2026-06-09 20:31:50,Lekki Phase 1,Local Delicacies,Jollof Rice & Fried Chicken,4500,1000,0,5500,23,18,Delivered,3.5
ORD-2026-1234,2026-06-07 21:14:32,Ikeja,Local Delicacies,Fried Plantain & Asun,12000,2000,0,14000,21,32,Delivered,4.2
ORD-2026-1235,2026-05-25 21:54:01,Surulere,Fast Food,Shawarma Special,8000,800,0,8800,20,40,Delivered,4.9
ORD-2026-1236,2026-05-14 14:38:50,Victoria Island,Local Delicacies,Pounded Yam & Egusi,12000,800,0,12800,15,32,Delivered,4.4
ORD-2026-1237,2026-05-06 17:50:07,Victoria Island,Grills & Suya,BBQ Chicken Quarters,8000,800,0,8800,21,26,Delivered,4.6
ORD-2026-1238,2026-06-11 21:46:28,Lekki Phase 1,Local Delicacies,Jollof Rice & Fried Chicken,8000,2000,0,10000,18,33,Cancelled,
ORD-2026-1239,2026-06-02 21:26:35,Victoria Island,Fast Food,Shawarma Special,4500,800,0,5300,23,23,Delivered,4.1
ORD-2026-1240,2026-05-29 12:36:26,Victoria Island,Local Delicacies,Amala & Abula,5000,2000,0,7000,14,43,Delivered,3.8
ORD-2026-1241,2026-06-24 18:21:01,Victoria Island,Grills & Suya,BBQ Chicken Quarters,8000,800,500,8300,23,26,Delivered,4.8
ORD-2026-1242,2026-05-10 13:32:53,Yaba,Local Delicacies,Amala & Abula,5000,1500,1000,5500,14,31,Delivered,3.9
ORD-2026-1243,2026-06-07 21:35:44,Victoria Island,Fast Food,Shawarma Special,6500,1000,1000,6500,23,19,Delivered,3.5
ORD-2026-1244,2026-05-24 21:28:07,Gbagada,Local Delicacies,Amala & Abula,6500,800,0,7300,19,24,Delivered,4.0
ORD-2026-1245,2026-05-05 18:11:44,Lekki Phase 1,Local Delicacies,Pounded Yam & Egusi,4500,800,0,5300,10,47,Delivered,3.5
ORD-2026-1246,2026-05-02 14:50:35,Lekki Phase 1,Local Delicacies,Jollof Rice & Fried Chicken,5000,1000,0,6000,20,43,Delivered,3.5
ORD-2026-1247,2026-06-05 10:04:19,Gbagada,Local Delicacies,Jollof Rice & Fried Chicken,3500,1500,0,5000,24,55,Delivered,4.0
ORD-2026-1248,2026-05-11 22:37:05,Yaba,Local Delicacies,Fried Plantain & Asun,4500,1500,0,6000,23,60,Delivered,3.6
ORD-2026-1249,2026-05-08 13:45:42,Gbagada,Fast Food,Beef Burger & Fries,3500,1500,0,5000,24,30,Delivered,3.9
ORD-2026-1250,2026-05-12 22:17:24,Gbagada,Local Delicacies,Pounded Yam & Egusi,6500,1000,0,7500,19,15,Delivered,4.3
ORD-2026-1251,2026-06-02 18:42:11,Gbagada,Grills & Suya,Spicy Beef Suya,5000,1000,0,6000,22,29,Delivered,4.0
ORD-2026-1252,2026-06-13 18:04:55,Ikeja,Grills & Suya,BBQ Chicken Quarters,8000,2000,0,10000,22,48,Delivered,4.6
ORD-2026-1253,2026-06-06 09:48:27,Ikeja,Fast Food,Crispy Chicken Wings,5000,1000,0,6000,29,30,Delivered,4.2
ORD-2026-1254,2026-05-31 20:50:28,Yaba,Grills & Suya,Spicy Beef Suya,3500,2000,0,5500,18,56,Delivered,3.6
ORD-2026-1255,2026-05-14 16:10:22,Victoria Island,Fast Food,Crispy Chicken Wings,12000,2000,0,14000,25,21,Delivered,3.9
ORD-2026-1256,2026-05-01 19:25:45,Surulere,Fast Food,Shawarma Special,5000,1500,0,6500,18,36,Delivered,4.2
ORD-2026-1257,2026-06-05 12:00:53,Lekki Phase 1,Fast Food,Beef Burger & Fries,5000,1500,0,6500,25,29,Delivered,3.7
ORD-2026-1258,2026-06-24 21:20:46,Gbagada,Fast Food,Crispy Chicken Wings,6500,1500,0,8000,17,20,Delivered,4.7
ORD-2026-1259,2026-05-09 09:51:56,Ikeja,Continental,Club Sandwich,4500,800,0,5300,21,33,Delivered,4.6
ORD-2026-1260,2026-06-22 14:51:24,Yaba,Grills & Suya,BBQ Chicken Quarters,6500,800,0,7300,11,32,Delivered,4.5
ORD-2026-1261,2026-05-26 09:06:17,Surulere,Local Delicacies,Jollof Rice & Fried Chicken,3500,1200,0,4700,17,20,Delivered,4.7
ORD-2026-1262,2026-05-27 08:42:58,Lekki Phase 1,Local Delicacies,Fried Plantain & Asun,8000,800,0,8800,28,40,Cancelled,
ORD-2026-1263,2026-06-13 16:23:24,Surulere,Continental,Chicken Caesar Salad,8000,1200,0,9200,20,46,Delivered,4.0
ORD-2026-1264,2026-05-07 19:23:32,Victoria Island,Local Delicacies,Amala & Abula,6500,1000,0,7500,18,15,Delivered,4.8
ORD-2026-1265,2026-06-18 10:21:25,Victoria Island,Local Delicacies,Fried Plantain & Asun,12000,1500,0,13500,24,38,Delivered,4.7
ORD-2026-1266,2026-05-28 12:06:16,Surulere,Continental,Chicken Caesar Salad,12000,1200,0,13200,16,35,Delivered,4.6
ORD-2026-1267,2026-05-20 18:53:21,Lekki Phase 1,Local Delicacies,Pounded Yam & Egusi,3500,2000,0,5500,18,36,Delivered,4.2
ORD-2026-1268,2026-05-28 12:06:00,Lekki Phase 1,Grills & Suya,Grilled Catfish,6500,1000,0,7500,15,53,Delivered,5.0
ORD-2026-1269,2026-06-01 21:50:58,Victoria Island,Local Delicacies,Jollof Rice & Fried Chicken,5000,1500,0,6500,20,20,Delivered,3.9
ORD-2026-1270,2026-06-25 22:29:28,Gbagada,Grills & Suya,Spicy Beef Suya,12000,800,0,12800,25,52,Delivered,4.5
ORD-2026-1271,2026-06-18 20:15:39,Lekki Phase 1,Continental,Seafood Pasta,3500,1500,0,5000,27,23,Delivered,3.9
ORD-2026-1272,2026-05-19 20:50:46,Yaba,Fast Food,Beef Burger & Fries,4500,2000,500,6000,10,37,Delivered,3.6
ORD-2026-1273,2026-06-19 18:48:49,Gbagada,Local Delicacies,Pounded Yam & Egusi,4500,800,0,5300,18,39,Delivered,4.1
ORD-2026-1274,2026-05-30 21:03:00,Ikeja,Grills & Suya,Grilled Catfish,4500,2000,0,6500,21,21,Delivered,4.8
ORD-2026-1275,2026-05-08 17:02:31,Gbagada,Fast Food,Crispy Chicken Wings,8000,1000,0,9000,26,35,Delivered,4.1
ORD-2026-1276,2026-05-10 20:33:59,Ikeja,Local Delicacies,Pounded Yam & Egusi,12000,2000,0,14000,19,39,Delivered,4.2
ORD-2026-1277,2026-06-02 18:31:49,Victoria Island,Local Delicacies,Fried Plantain & Asun,5000,1000,0,6000,24,45,Delivered,3.9
ORD-2026-1278,2026-05-07 08:56:54,Victoria Island,Local Delicacies,Pounded Yam & Egusi,3500,2000,0,5500,13,38,Cancelled,
ORD-2026-1279,2026-05-03 14:07:53,Victoria Island,Fast Food,Shawarma Special,12000,1000,0,13000,16,29,Delivered,3.9
ORD-2026-1280,2026-06-26 10:50:32,Victoria Island,Fast Food,Crispy Chicken Wings,12000,1000,0,13000,29,47,Delivered,4.8
ORD-2026-1281,2026-05-28 13:34:31,Ikeja,Local Delicacies,Amala & Abula,8000,1500,0,9500,18,37,Delivered,4.5
ORD-2026-1282,2026-05-24 22:45:42,Lekki Phase 1,Fast Food,Shawarma Special,12000,2000,0,14000,14,70,Delivered,3.6
ORD-2026-1283,2026-05-16 19:53:20,Ikeja,Local Delicacies,Jollof Rice & Fried Chicken,6500,800,0,7300,34,25,Delivered,3.8
ORD-2026-1284,2026-05-14 13:06:09,Ikeja,Grills & Suya,BBQ Chicken Quarters,8000,1500,0,9500,15,15,Delivered,3.7
ORD-2026-1285,2026-05-07 15:18:47,Lekki Phase 1,Fast Food,Shawarma Special,4500,800,0,5300,17,29,Delivered,4.8
ORD-2026-1286,2026-05-19 18:17:01,Ikeja,Local Delicacies,Jollof Rice & Fried Chicken,6500,2000,500,8000,18,50,Delivered,4.9
ORD-2026-1287,2026-05-01 11:10:41,Yaba,Grills & Suya,Spicy Beef Suya,6500,2000,0,8500,20,34,Delivered,4.5
ORD-2026-1288,2026-05-02 21:11:19,Lekki Phase 1,Local Delicacies,Amala & Abula,6500,1200,0,7700,16,26,Delivered,4.1
ORD-2026-1289,2026-05-05 20:08:33,Surulere,Local Delicacies,Fried Plantain & Asun,3500,2000,0,5500,21,38,Delivered,3.9
ORD-2026-1290,2026-06-22 18:57:21,Lekki Phase 1,Local Delicacies,Amala & Abula,3500,800,0,4300,19,45,Delivered,3.7
ORD-2026-1291,2026-06-13 13:29:55,Lekki Phase 1,Fast Food,Beef Burger & Fries,3500,1000,0,4500,20,39,Delivered,3.7
ORD-2026-1292,2026-06-28 22:31:16,Lekki Phase 1,Local Delicacies,Pounded Yam & Egusi,6500,1000,0,7500,20,60,Delivered,4.9
ORD-2026-1293,2026-06-19 20:08:39,Lekki Phase 1,Fast Food,Beef Burger & Fries,3500,800,0,4300,23,35,Delivered,4.0
ORD-2026-1294,2026-05-02 21:08:53,Victoria Island,Continental,Seafood Pasta,8000,1000,0,9000,17,43,Delivered,4.7
ORD-2026-1295,2026-05-22 11:25:57,Ikeja,Local Delicacies,Jollof Rice & Fried Chicken,4500,1200,500,5200,15,44,Delivered,4.1
ORD-2026-1296,2026-05-29 21:36:10,Lekki Phase 1,Local Delicacies,Jollof Rice & Fried Chicken,12000,1200,0,13200,17,34,Delivered,4.7
ORD-2026-1297,2026-05-06 15:41:35,Surulere,Local Delicacies,Jollof Rice & Fried Chicken,4500,1200,0,5700,23,29,Delivered,4.9
ORD-2026-1298,2026-06-10 12:36:24,Lekki Phase 1,Fast Food,Beef Burger & Fries,8000,2000,0,10000,12,37,Delivered,4.7
ORD-2026-1299,2026-06-07 17:52:41,Ikeja,Fast Food,Shawarma Special,3500,2000,0,5500,23,15,Delivered,4.6
ORD-2026-1300,2026-05-22 12:30:05,Ikeja,Local Delicacies,Amala & Abula,6500,2000,0,8500,26,42,Delivered,4.6
ORD-2026-1301,2026-05-27 18:44:56,Victoria Island,Grills & Suya,Spicy Beef Suya,8000,1000,0,9000,14,56,Cancelled,
ORD-2026-1302,2026-06-22 19:16:25,Ikeja,Grills & Suya,Spicy Beef Suya,4500,800,1000,4300,15,40,Delivered,4.9
ORD-2026-1303,2026-05-21 13:45:01,Lekki Phase 1,Fast Food,Shawarma Special,12000,800,0,12800,15,29,Cancelled,
ORD-2026-1304,2026-06-29 08:50:52,Lekki Phase 1,Local Delicacies,Fried Plantain & Asun,8000,1500,0,9500,19,39,Delivered,4.3
ORD-2026-1305,2026-06-05 15:20:10,Ikeja,Fast Food,Beef Burger & Fries,12000,1000,0,13000,18,24,Delivered,4.4
ORD-2026-1306,2026-06-09 18:48:58,Ikeja,Fast Food,Crispy Chicken Wings,5000,2000,0,7000,19,32,Delivered,3.6
ORD-2026-1307,2026-06-08 20:33:54,Ikeja,Fast Food,Beef Burger & Fries,4500,2000,0,6500,20,54,Delivered,4.0
ORD-2026-1308,2026-06-16 16:04:55,Victoria Island,Local Delicacies,Jollof Rice & Fried Chicken,5000,1200,0,6200,24,43,Delivered,4.5
ORD-2026-1309,2026-06-02 21:19:18,Lekki Phase 1,Fast Food,Shawarma Special,8000,2000,0,10000,13,26,Delivered,4.5
ORD-2026-1310,2026-06-04 08:58:44,Surulere,Local Delicacies,Jollof Rice & Fried Chicken,8000,1200,1000,8200,23,35,Delivered,3.9
ORD-2026-1311,2026-06-12 13:01:52,Lekki Phase 1,Continental,Club Sandwich,6500,1200,0,7700,19,52,Delivered,3.8
ORD-2026-1312,2026-05-09 12:00:24,Victoria Island,Grills & Suya,Spicy Beef Suya,4500,1500,0,6000,22,19,Cancelled,
ORD-2026-1313,2026-06-12 12:38:34,Victoria Island,Local Delicacies,Pounded Yam & Egusi,6500,800,0,7300,13,48,Delivered,3.5
ORD-2026-1314,2026-05-03 18:43:50,Victoria Island,Grills & Suya,BBQ Chicken Quarters,3500,2000,0,5500,11,30,Delivered,3.6
ORD-2026-1315,2026-05-30 18:18:36,Ikeja,Fast Food,Crispy Chicken Wings,8000,2000,1000,9000,23,35,Delivered,4.6
ORD-2026-1316,2026-06-13 08:16:09,Surulere,Local Delicacies,Fried Plantain & Asun,5000,800,500,5300,28,60,Delivered,3.5
ORD-2026-1317,2026-06-26 21:11:15,Yaba,Local Delicacies,Pounded Yam & Egusi,8000,2000,0,10000,22,51,Delivered,4.5
ORD-2026-1318,2026-05-24 17:20:16,Ikeja,Grills & Suya,BBQ Chicken Quarters,4500,800,0,5300,26,32,Delivered,4.3
ORD-2026-1319,2026-05-23 22:05:07,Victoria Island,Fast Food,Beef Burger & Fries,8000,1000,0,9000,22,22,Delivered,4.1
ORD-2026-1320,2026-05-25 11:14:58,Yaba,Fast Food,Beef Burger & Fries,4500,1200,0,5700,20,53,Delivered,3.9
ORD-2026-1321,2026-05-26 13:46:31,Lekki Phase 1,Local Delicacies,Amala & Abula,4500,1200,0,5700,18,50,Cancelled,
ORD-2026-1322,2026-05-10 12:22:25,Victoria Island,Local Delicacies,Fried Plantain & Asun,6500,1200,0,7700,30,35,Delivered,3.9
ORD-2026-1323,2026-05-21 21:13:14,Gbagada,Fast Food,Shawarma Special,6500,800,0,7300,16,26,Delivered,3.7
ORD-2026-1324,2026-06-22 10:47:07,Gbagada,Local Delicacies,Fried Plantain & Asun,8000,2000,1000,9000,20,18,Delivered,3.9
ORD-2026-1325,2026-06-19 19:17:30,Lekki Phase 1,Fast Food,Crispy Chicken Wings,3500,800,0,4300,11,36,Cancelled,
ORD-2026-1326,2026-05-30 14:17:58,Surulere,Fast Food,Crispy Chicken Wings,3500,1000,0,4500,18,52,Delivered,4.9
ORD-2026-1327,2026-06-11 20:30:23,Lekki Phase 1,Fast Food,Beef Burger & Fries,6500,1000,0,7500,20,29,Delivered,3.8
ORD-2026-1328,2026-06-04 19:33:02,Surulere,Grills & Suya,Grilled Catfish,12000,800,0,12800,16,33,Delivered,4.7
ORD-2026-1329,2026-06-06 13:54:22,Victoria Island,Grills & Suya,Grilled Catfish,8000,1500,0,9500,13,42,Delivered,4.3
ORD-2026-1330,2026-06-13 12:03:28,Ikeja,Fast Food,Shawarma Special,8000,800,0,8800,11,27,Delivered,4.4
ORD-2026-1331,2026-05-22 13:32:15,Lekki Phase 1,Local Delicacies,Fried Plantain & Asun,4500,1000,0,5500,31,53,Delivered,4.1
ORD-2026-1332,2026-06-14 20:01:54,Victoria Island,Local Delicacies,Pounded Yam & Egusi,4500,1200,0,5700,33,40,Delivered,4.6
ORD-2026-1333,2026-06-04 16:58:54,Lekki Phase 1,Continental,Seafood Pasta,12000,800,0,12800,18,48,Delivered,4.8
ORD-2026-1334,2026-05-13 14:58:38,Yaba,Fast Food,Shawarma Special,8000,1500,0,9500,25,28,Delivered,4.2
ORD-2026-1335,2026-06-15 20:48:28,Ikeja,Local Delicacies,Fried Plantain & Asun,3500,1500,0,5000,18,44,Delivered,3.6
ORD-2026-1336,2026-06-22 18:46:56,Ikeja,Local Delicacies,Jollof Rice & Fried Chicken,4500,2000,0,6500,28,24,Delivered,3.8
ORD-2026-1337,2026-05-10 21:38:19,Ikeja,Continental,Club Sandwich,3500,1000,0,4500,16,39,Delivered,4.7
ORD-2026-1338,2026-05-05 08:02:44,Victoria Island,Local Delicacies,Pounded Yam & Egusi,3500,1200,0,4700,10,45,Delivered,4.0
ORD-2026-1339,2026-05-14 13:03:17,Victoria Island,Continental,Seafood Pasta,3500,800,500,3800,23,46,Delivered,3.8
ORD-2026-1340,2026-06-06 12:52:45,Ikeja,Fast Food,Crispy Chicken Wings,5000,1000,0,6000,22,49,Delivered,5.0
ORD-2026-1341,2026-05-15 12:56:23,Surulere,Local Delicacies,Amala & Abula,8000,2000,0,10000,14,39,Cancelled,
ORD-2026-1342,2026-05-04 13:36:36,Victoria Island,Local Delicacies,Jollof Rice & Fried Chicken,3500,2000,0,5500,24,28,Delivered,4.6
ORD-2026-1343,2026-06-12 21:55:45,Lekki Phase 1,Local Delicacies,Fried Plantain & Asun,4500,2000,0,6500,27,32,Delivered,4.5
ORD-2026-1344,2026-05-24 19:33:24,Ikeja,Local Delicacies,Pounded Yam & Egusi,4500,800,500,4800,13,42,Delivered,4.6
ORD-2026-1345,2026-05-07 10:07:19,Yaba,Local Delicacies,Amala & Abula,8000,800,500,8300,10,44,Delivered,3.9
ORD-2026-1346,2026-05-29 19:50:44,Victoria Island,Local Delicacies,Jollof Rice & Fried Chicken,12000,1500,0,13500,22,15,Delivered,4.0
ORD-2026-1347,2026-06-15 13:56:25,Yaba,Local Delicacies,Fried Plantain & Asun,8000,1000,0,9000,22,39,Delivered,3.8
ORD-2026-1348,2026-06-10 14:55:05,Lekki Phase 1,Grills & Suya,Spicy Beef Suya,8000,1200,0,9200,13,42,Delivered,4.7
ORD-2026-1349,2026-05-05 21:22:48,Ikeja,Local Delicacies,Amala & Abula,12000,1000,0,13000,19,28,Cancelled,
ORD-2026-1350,2026-05-09 09:48:58,Surulere,Local Delicacies,Jollof Rice & Fried Chicken,12000,2000,0,14000,24,41,Delivered,4.0
ORD-2026-1351,2026-06-11 13:16:23,Ikeja,Fast Food,Shawarma Special,6500,1500,0,8000,23,33,Delivered,3.5
ORD-2026-1352,2026-05-03 16:12:55,Ikeja,Grills & Suya,Grilled Catfish,4500,1200,0,5700,24,46,Delivered,3.9
ORD-2026-1353,2026-06-16 18:13:36,Victoria Island,Fast Food,Shawarma Special,4500,2000,500,6000,26,28,Delivered,4.8
ORD-2026-1354,2026-06-03 14:58:27,Lekki Phase 1,Fast Food,Shawarma Special,12000,1000,0,13000,16,21,Delivered,4.3
ORD-2026-1355,2026-05-29 08:33:11,Ikeja,Local Delicacies,Amala & Abula,6500,1000,0,7500,30,20,Delivered,5.0
ORD-2026-1356,2026-06-11 22:24:04,Lekki Phase 1,Local Delicacies,Fried Plantain & Asun,6500,1000,0,7500,28,34,Delivered,4.2
ORD-2026-1357,2026-05-11 18:14:37,Lekki Phase 1,Continental,Seafood Pasta,12000,1500,0,13500,15,43,Delivered,4.3
ORD-2026-1358,2026-05-08 22:25:17,Lekki Phase 1,Fast Food,Shawarma Special,3500,1500,0,5000,23,27,Delivered,5.0
ORD-2026-1359,2026-05-06 22:12:27,Lekki Phase 1,Fast Food,Beef Burger & Fries,5000,1500,0,6500,15,51,Delivered,4.1
ORD-2026-1360,2026-05-05 09:39:44,Lekki Phase 1,Local Delicacies,Pounded Yam & Egusi,3500,2000,0,5500,22,32,Delivered,3.9
ORD-2026-1361,2026-06-01 14:57:02,Victoria Island,Grills & Suya,BBQ Chicken Quarters,5000,1500,0,6500,23,53,Delivered,4.2
ORD-2026-1362,2026-06-25 22:26:12,Yaba,Continental,Chicken Caesar Salad,12000,1200,0,13200,14,40,Delivered,4.5
ORD-2026-1363,2026-06-14 22:18:15,Surulere,Continental,Seafood Pasta,5000,1200,0,6200,17,29,Cancelled,
ORD-2026-1364,2026-06-09 14:58:47,Victoria Island,Local Delicacies,Fried Plantain & Asun,12000,800,0,12800,18,30,Delivered,4.6
ORD-2026-1365,2026-06-10 19:24:52,Victoria Island,Fast Food,Shawarma Special,12000,1200,0,13200,19,40,Delivered,3.9
ORD-2026-1366,2026-06-11 14:37:59,Ikeja,Local Delicacies,Pounded Yam & Egusi,4500,1500,1000,5000,16,48,Delivered,4.5
ORD-2026-1367,2026-05-07 15:57:56,Gbagada,Grills & Suya,Spicy Beef Suya,4500,2000,0,6500,23,15,Delivered,3.7
ORD-2026-1368,2026-06-20 09:09:31,Victoria Island,Fast Food,Shawarma Special,8000,800,0,8800,19,25,Delivered,4.9
ORD-2026-1369,2026-06-12 21:30:17,Ikeja,Local Delicacies,Amala & Abula,3500,1000,0,4500,19,31,Delivered,4.5
ORD-2026-1370,2026-06-05 19:28:11,Ikeja,Fast Food,Shawarma Special,5000,1500,0,6500,23,43,Delivered,3.9
ORD-2026-1371,2026-06-08 19:45:26,Gbagada,Local Delicacies,Jollof Rice & Fried Chicken,3500,2000,0,5500,22,28,Delivered,4.7
ORD-2026-1372,2026-06-18 21:33:59,Ikeja,Fast Food,Beef Burger & Fries,3500,1500,0,5000,22,60,Delivered,4.3
ORD-2026-1373,2026-05-24 22:05:18,Lekki Phase 1,Local Delicacies,Jollof Rice & Fried Chicken,4500,2000,0,6500,22,40,Delivered,4.9
ORD-2026-1374,2026-05-30 12:31:33,Victoria Island,Grills & Suya,Spicy Beef Suya,4500,1500,0,6000,22,39,Delivered,4.5
ORD-2026-1375,2026-05-28 20:36:28,Ikeja,Grills & Suya,BBQ Chicken Quarters,4500,800,0,5300,17,31,Delivered,4.6
ORD-2026-1376,2026-05-22 22:35:49,Gbagada,Grills & Suya,BBQ Chicken Quarters,5000,1000,1000,5000,24,38,Cancelled,
ORD-2026-1377,2026-05-04 12:11:21,Gbagada,Local Delicacies,Jollof Rice & Fried Chicken,5000,1000,0,6000,14,34,Delivered,3.8
ORD-2026-1378,2026-05-17 12:21:25,Lekki Phase 1,Local Delicacies,Amala & Abula,8000,1500,0,9500,18,22,Delivered,4.3
ORD-2026-1379,2026-06-25 13:13:46,Lekki Phase 1,Local Delicacies,Fried Plantain & Asun,5000,800,0,5800,22,40,Delivered,3.8
ORD-2026-1380,2026-05-29 14:34:51,Lekki Phase 1,Continental,Club Sandwich,12000,1500,0,13500,19,26,Cancelled,
ORD-2026-1381,2026-05-12 14:32:05,Surulere,Fast Food,Beef Burger & Fries,6500,1200,0,7700,16,35,Delivered,4.7
ORD-2026-1382,2026-06-16 14:10:57,Ikeja,Local Delicacies,Pounded Yam & Egusi,8000,2000,0,10000,21,35,Delivered,4.2
ORD-2026-1383,2026-05-23 20:33:28,Ikeja,Fast Food,Shawarma Special,12000,800,0,12800,10,48,Delivered,3.8
ORD-2026-1384,2026-05-04 19:40:38,Victoria Island,Local Delicacies,Pounded Yam & Egusi,8000,2000,0,10000,29,41,Delivered,3.9
ORD-2026-1385,2026-05-15 15:10:51,Lekki Phase 1,Continental,Seafood Pasta,12000,1200,0,13200,10,45,Delivered,4.7
ORD-2026-1386,2026-06-01 20:19:21,Lekki Phase 1,Local Delicacies,Amala & Abula,8000,2000,0,10000,12,32,Delivered,3.9
ORD-2026-1387,2026-05-11 12:43:55,Victoria Island,Local Delicacies,Jollof Rice & Fried Chicken,6500,1200,1000,6700,23,42,Cancelled,
ORD-2026-1388,2026-05-28 17:15:36,Surulere,Local Delicacies,Amala & Abula,3500,1200,0,4700,31,30,Cancelled,
ORD-2026-1389,2026-06-28 10:56:04,Lekki Phase 1,Grills & Suya,BBQ Chicken Quarters,5000,2000,0,7000,19,17,Delivered,3.8
ORD-2026-1390,2026-05-03 13:59:37,Lekki Phase 1,Grills & Suya,BBQ Chicken Quarters,12000,1200,0,13200,15,52,Delivered,4.5
ORD-2026-1391,2026-05-15 10:48:24,Victoria Island,Grills & Suya,Grilled Catfish,3500,1000,0,4500,21,28,Delivered,4.9
ORD-2026-1392,2026-05-24 21:43:15,Ikeja,Fast Food,Shawarma Special,3500,2000,500,5000,18,39,Delivered,5.0
ORD-2026-1393,2026-05-27 16:24:16,Lekki Phase 1,Local Delicacies,Amala & Abula,5000,800,0,5800,21,39,Delivered,4.3
ORD-2026-1394,2026-05-29 17:26:45,Yaba,Local Delicacies,Jollof Rice & Fried Chicken,12000,2000,0,14000,24,42,Delivered,4.3
ORD-2026-1395,2026-06-19 10:28:43,Ikeja,Local Delicacies,Fried Plantain & Asun,8000,800,0,8800,13,37,Delivered,4.1
ORD-2026-1396,2026-06-22 09:02:19,Lekki Phase 1,Local Delicacies,Pounded Yam & Egusi,12000,2000,0,14000,18,37,Delivered,5.0
ORD-2026-1397,2026-06-15 20:13:06,Gbagada,Grills & Suya,BBQ Chicken Quarters,4500,2000,0,6500,17,15,Delivered,4.0
ORD-2026-1398,2026-05-17 18:35:08,Ikeja,Fast Food,Shawarma Special,8000,2000,0,10000,17,35,Delivered,4.7
ORD-2026-1399,2026-06-07 18:21:53,Victoria Island,Fast Food,Shawarma Special,8000,1200,0,9200,21,49,Delivered,3.7
ORD-2026-1400,2026-06-22 14:12:16,Surulere,Fast Food,Beef Burger & Fries,6500,2000,0,8500,21,45,Delivered,4.7
ORD-2026-1401,2026-05-08 20:17:45,Yaba,Grills & Suya,Spicy Beef Suya,6500,2000,0,8500,14,52,Delivered,4.5
ORD-2026-1402,2026-06-16 14:44:24,Ikeja,Fast Food,Shawarma Special,8000,800,0,8800,21,42,Delivered,4.2
ORD-2026-1403,2026-06-02 08:07:10,Victoria Island,Continental,Seafood Pasta,8000,1200,0,9200,19,41,Delivered,3.8
ORD-2026-1404,2026-05-22 08:16:11,Lekki Phase 1,Continental,Chicken Caesar Salad,5000,2000,0,7000,17,33,Delivered,4.7
ORD-2026-1405,2026-06-26 21:15:53,Surulere,Local Delicacies,Jollof Rice & Fried Chicken,3500,1000,0,4500,30,36,Delivered,3.5
ORD-2026-1406,2026-05-22 12:09:39,Lekki Phase 1,Continental,Club Sandwich,8000,1200,500,8700,19,29,Delivered,3.5
ORD-2026-1407,2026-06-01 08:01:32,Lekki Phase 1,Grills & Suya,Grilled Catfish,4500,1500,0,6000,16,37,Delivered,3.7
ORD-2026-1408,2026-06-02 16:32:12,Lekki Phase 1,Local Delicacies,Jollof Rice & Fried Chicken,3500,1000,0,4500,26,35,Delivered,4.4
ORD-2026-1409,2026-06-21 21:01:37,Lekki Phase 1,Grills & Suya,BBQ Chicken Quarters,5000,1000,0,6000,19,30,Delivered,4.7
ORD-2026-1410,2026-06-08 13:49:14,Yaba,Fast Food,Shawarma Special,5000,1000,0,6000,11,29,Delivered,4.3
ORD-2026-1411,2026-06-03 18:48:39,Lekki Phase 1,Local Delicacies,Amala & Abula,3500,1500,0,5000,26,41,Cancelled,
ORD-2026-1412,2026-05-11 14:05:08,Lekki Phase 1,Local Delicacies,Jollof Rice & Fried Chicken,8000,1500,0,9500,17,30,Delivered,4.2
ORD-2026-1413,2026-05-06 21:31:40,Lekki Phase 1,Local Delicacies,Fried Plantain & Asun,5000,1000,0,6000,22,24,Delivered,3.6
ORD-2026-1414,2026-06-19 22:49:27,Ikeja,Fast Food,Shawarma Special,4500,1200,0,5700,15,30,Delivered,4.3
ORD-2026-1415,2026-05-20 14:06:10,Ikeja,Local Delicacies,Jollof Rice & Fried Chicken,5000,1200,0,6200,28,25,Delivered,4.5
ORD-2026-1416,2026-05-20 20:57:21,Lekki Phase 1,Fast Food,Beef Burger & Fries,6500,1000,0,7500,32,39,Cancelled,
ORD-2026-1417,2026-05-26 21:40:59,Victoria Island,Fast Food,Shawarma Special,3500,1500,0,5000,26,40,Delivered,4.6
ORD-2026-1418,2026-06-11 13:53:11,Surulere,Grills & Suya,Grilled Catfish,12000,1200,0,13200,16,43,Delivered,4.1
ORD-2026-1419,2026-05-23 08:44:50,Surulere,Grills & Suya,Spicy Beef Suya,6500,2000,0,8500,25,45,Delivered,4.9
ORD-2026-1420,2026-06-27 20:35:44,Surulere,Fast Food,Beef Burger & Fries,6500,1000,0,7500,22,27,Delivered,4.2
ORD-2026-1421,2026-05-08 15:54:31,Lekki Phase 1,Continental,Chicken Caesar Salad,3500,1200,0,4700,28,50,Delivered,4.1
ORD-2026-1422,2026-06-20 20:17:18,Ikeja,Fast Food,Beef Burger & Fries,6500,1500,0,8000,13,39,Delivered,3.8
ORD-2026-1423,2026-05-22 12:58:02,Gbagada,Grills & Suya,Grilled Catfish,3500,2000,0,5500,15,26,Delivered,3.6
ORD-2026-1424,2026-05-28 14:28:53,Ikeja,Local Delicacies,Jollof Rice & Fried Chicken,3500,2000,0,5500,17,34,Delivered,4.6
ORD-2026-1425,2026-05-15 18:48:29,Lekki Phase 1,Local Delicacies,Pounded Yam & Egusi,12000,1500,0,13500,17,44,Delivered,4.2
ORD-2026-1426,2026-05-21 15:23:19,Lekki Phase 1,Local Delicacies,Pounded Yam & Egusi,5000,2000,0,7000,21,34,Delivered,4.4
ORD-2026-1427,2026-06-06 18:19:59,Lekki Phase 1,Local Delicacies,Fried Plantain & Asun,4500,1500,0,6000,19,24,Delivered,3.9
ORD-2026-1428,2026-05-24 14:31:40,Lekki Phase 1,Continental,Chicken Caesar Salad,6500,2000,0,8500,22,25,Delivered,3.6
ORD-2026-1429,2026-06-05 13:35:01,Ikeja,Fast Food,Beef Burger & Fries,6500,1500,0,8000,25,16,Delivered,3.6
ORD-2026-1430,2026-05-15 16:38:41,Gbagada,Local Delicacies,Fried Plantain & Asun,12000,1000,0,13000,23,15,Delivered,4.4
ORD-2026-1431,2026-06-20 20:11:02,Ikeja,Fast Food,Crispy Chicken Wings,12000,1000,500,12500,20,29,Delivered,4.9
ORD-2026-1432,2026-06-14 19:14:32,Ikeja,Fast Food,Crispy Chicken Wings,6500,2000,0,8500,20,40,Delivered,3.6
ORD-2026-1433,2026-06-04 11:47:29,Gbagada,Fast Food,Shawarma Special,3500,800,500,3800,20,34,Delivered,4.4
ORD-2026-1434,2026-05-23 20:13:01,Ikeja,Fast Food,Shawarma Special,4500,1000,0,5500,16,52,Delivered,4.5
ORD-2026-1435,2026-06-24 20:44:40,Lekki Phase 1,Continental,Seafood Pasta,6500,1000,0,7500,18,28,Delivered,3.8
ORD-2026-1436,2026-06-23 17:13:55,Victoria Island,Local Delicacies,Jollof Rice & Fried Chicken,3500,1500,0,5000,24,45,Delivered,3.6
ORD-2026-1437,2026-06-08 13:38:05,Lekki Phase 1,Grills & Suya,BBQ Chicken Quarters,6500,1500,0,8000,23,17,Delivered,4.9
ORD-2026-1438,2026-05-17 12:27:01,Lekki Phase 1,Continental,Club Sandwich,6500,1500,0,8000,25,35,Delivered,3.7
ORD-2026-1439,2026-06-04 17:00:39,Ikeja,Local Delicacies,Amala & Abula,12000,1000,0,13000,18,37,In Transit,
ORD-2026-1440,2026-05-12 19:22:46,Victoria Island,Grills & Suya,Spicy Beef Suya,5000,2000,0,7000,29,35,Delivered,4.4
ORD-2026-1441,2026-05-31 14:53:13,Surulere,Local Delicacies,Amala & Abula,6500,2000,0,8500,22,25,Delivered,4.5
ORD-2026-1442,2026-05-16 13:11:29,Ikeja,Grills & Suya,Spicy Beef Suya,4500,1500,0,6000,25,31,Cancelled,
ORD-2026-1443,2026-06-10 18:07:42,Lekki Phase 1,Grills & Suya,Grilled Catfish,8000,2000,0,10000,11,40,Delivered,3.5
ORD-2026-1444,2026-05-12 22:53:19,Victoria Island,Local Delicacies,Fried Plantain & Asun,4500,1000,0,5500,16,23,Delivered,3.8
ORD-2026-1445,2026-05-28 19:46:36,Victoria Island,Fast Food,Beef Burger & Fries,3500,800,0,4300,27,40,Delivered,3.6
ORD-2026-1446,2026-05-12 12:55:43,Ikeja,Fast Food,Beef Burger & Fries,12000,2000,0,14000,10,41,Delivered,4.5
ORD-2026-1447,2026-06-25 21:05:43,Lekki Phase 1,Grills & Suya,Spicy Beef Suya,4500,1200,0,5700,27,25,Delivered,4.5
ORD-2026-1448,2026-06-28 13:13:01,Victoria Island,Fast Food,Beef Burger & Fries,5000,2000,0,7000,16,37,Cancelled,
ORD-2026-1449,2026-05-09 18:25:28,Yaba,Local Delicacies,Fried Plantain & Asun,4500,2000,0,6500,24,24,Delivered,4.3
ORD-2026-1450,2026-05-01 20:36:52,Victoria Island,Local Delicacies,Jollof Rice & Fried Chicken,5000,2000,0,7000,15,20,Delivered,3.6
ORD-2026-1451,2026-06-28 12:50:13,Lekki Phase 1,Local Delicacies,Amala & Abula,12000,800,0,12800,25,23,Delivered,3.7
ORD-2026-1452,2026-05-12 19:49:23,Victoria Island,Local Delicacies,Amala & Abula,3500,1000,0,4500,10,25,Delivered,4.0
ORD-2026-1453,2026-06-28 13:24:49,Surulere,Fast Food,Beef Burger & Fries,4500,800,0,5300,18,24,Delivered,4.1
ORD-2026-1454,2026-05-29 17:55:46,Victoria Island,Fast Food,Beef Burger & Fries,12000,1500,500,13000,26,35,Delivered,3.6
ORD-2026-1455,2026-06-12 18:37:19,Lekki Phase 1,Fast Food,Beef Burger & Fries,8000,1000,500,8500,14,45,Delivered,4.9
ORD-2026-1456,2026-05-23 19:51:15,Yaba,Grills & Suya,BBQ Chicken Quarters,12000,1000,0,13000,19,41,Delivered,3.9
ORD-2026-1457,2026-06-19 21:07:49,Victoria Island,Local Delicacies,Amala & Abula,4500,1500,0,6000,15,41,Delivered,4.2
ORD-2026-1458,2026-05-21 19:31:37,Lekki Phase 1,Grills & Suya,Grilled Catfish,8000,2000,0,10000,21,39,Delivered,4.1
ORD-2026-1459,2026-05-05 17:33:00,Ikeja,Local Delicacies,Pounded Yam & Egusi,8000,800,0,8800,27,36,Delivered,3.7
ORD-2026-1460,2026-06-24 10:09:29,Ikeja,Local Delicacies,Fried Plantain & Asun,4500,800,0,5300,18,15,Delivered,4.6
ORD-2026-1461,2026-06-19 13:07:46,Yaba,Local Delicacies,Fried Plantain & Asun,3500,1200,0,4700,20,35,Cancelled,
ORD-2026-1462,2026-06-09 10:07:24,Surulere,Grills & Suya,Grilled Catfish,12000,800,0,12800,23,51,Delivered,4.9
ORD-2026-1463,2026-06-15 08:18:30,Ikeja,Fast Food,Shawarma Special,12000,1500,0,13500,26,38,Delivered,4.7
ORD-2026-1464,2026-05-16 22:04:40,Lekki Phase 1,Continental,Chicken Caesar Salad,4500,1000,500,5000,28,35,Delivered,4.0
ORD-2026-1465,2026-05-26 13:49:05,Lekki Phase 1,Local Delicacies,Pounded Yam & Egusi,3500,1000,0,4500,19,23,Delivered,3.7
ORD-2026-1466,2026-05-09 08:47:12,Gbagada,Fast Food,Beef Burger & Fries,6500,2000,0,8500,14,28,Delivered,3.9
ORD-2026-1467,2026-05-09 21:40:10,Victoria Island,Local Delicacies,Jollof Rice & Fried Chicken,8000,1500,0,9500,19,31,Delivered,3.8
ORD-2026-1468,2026-05-04 16:45:03,Yaba,Fast Food,Shawarma Special,3500,800,0,4300,21,27,Delivered,4.6
ORD-2026-1469,2026-06-07 13:17:12,Yaba,Local Delicacies,Jollof Rice & Fried Chicken,3500,800,0,4300,32,21,Delivered,4.2
ORD-2026-1470,2026-06-10 19:10:00,Ikeja,Grills & Suya,Grilled Catfish,6500,1200,0,7700,24,32,Delivered,4.8
ORD-2026-1471,2026-05-24 21:24:20,Victoria Island,Local Delicacies,Pounded Yam & Egusi,4500,1200,0,5700,21,48,Cancelled,
ORD-2026-1472,2026-05-15 13:06:14,Gbagada,Local Delicacies,Amala & Abula,5000,1200,0,6200,24,35,Delivered,3.7
ORD-2026-1473,2026-05-21 19:24:32,Ikeja,Fast Food,Beef Burger & Fries,8000,1500,0,9500,19,42,Delivered,4.1
ORD-2026-1474,2026-06-18 14:43:37,Yaba,Fast Food,Shawarma Special,6500,1500,0,8000,21,24,Delivered,3.7
ORD-2026-1475,2026-05-26 20:13:09,Lekki Phase 1,Local Delicacies,Pounded Yam & Egusi,5000,1500,0,6500,19,43,Delivered,3.8
ORD-2026-1476,2026-05-02 14:20:25,Lekki Phase 1,Local Delicacies,Fried Plantain & Asun,6500,2000,0,8500,14,27,Delivered,4.7
ORD-2026-1477,2026-05-08 20:27:52,Ikeja,Fast Food,Shawarma Special,5000,1200,0,6200,22,28,Delivered,4.3
ORD-2026-1478,2026-05-29 18:04:33,Gbagada,Local Delicacies,Pounded Yam & Egusi,4500,2000,0,6500,13,43,In Transit,
ORD-2026-1479,2026-06-17 18:35:14,Surulere,Fast Food,Beef Burger & Fries,12000,800,500,12300,22,45,Delivered,4.2
ORD-2026-1480,2026-06-12 16:45:49,Victoria Island,Grills & Suya,Spicy Beef Suya,12000,1000,0,13000,29,28,Delivered,3.5
ORD-2026-1481,2026-06-13 15:20:22,Victoria Island,Local Delicacies,Jollof Rice & Fried Chicken,6500,800,0,7300,20,47,Delivered,3.7
ORD-2026-1482,2026-06-12 21:52:59,Lekki Phase 1,Grills & Suya,Spicy Beef Suya,5000,1500,0,6500,26,25,Delivered,4.3
ORD-2026-1483,2026-05-15 14:50:14,Ikeja,Grills & Suya,Spicy Beef Suya,5000,2000,0,7000,21,32,Delivered,4.1
ORD-2026-1484,2026-05-04 16:18:33,Ikeja,Continental,Chicken Caesar Salad,5000,1000,0,6000,22,44,Delivered,4.2
ORD-2026-1485,2026-05-14 19:51:45,Yaba,Local Delicacies,Jollof Rice & Fried Chicken,8000,1500,1000,8500,18,15,Delivered,4.3
ORD-2026-1486,2026-05-27 11:34:07,Surulere,Grills & Suya,Grilled Catfish,5000,1200,0,6200,21,44,Delivered,3.7
ORD-2026-1487,2026-05-16 20:17:01,Lekki Phase 1,Grills & Suya,Spicy Beef Suya,4500,1500,0,6000,33,39,Delivered,4.6
ORD-2026-1488,2026-06-18 09:24:29,Ikeja,Local Delicacies,Jollof Rice & Fried Chicken,12000,2000,0,14000,20,16,Delivered,4.7
ORD-2026-1489,2026-05-11 18:09:38,Yaba,Fast Food,Shawarma Special,4500,2000,0,6500,34,31,Delivered,4.9
ORD-2026-1490,2026-05-13 21:55:48,Ikeja,Local Delicacies,Amala & Abula,5000,800,0,5800,23,15,Delivered,4.9
ORD-2026-1491,2026-06-11 18:19:03,Lekki Phase 1,Fast Food,Shawarma Special,8000,2000,0,10000,17,37,Delivered,3.9
ORD-2026-1492,2026-06-23 08:43:55,Yaba,Fast Food,Shawarma Special,5000,1000,0,6000,18,29,Delivered,4.4
ORD-2026-1493,2026-06-14 14:12:54,Ikeja,Grills & Suya,Spicy Beef Suya,3500,1000,0,4500,21,42,Delivered,3.7
ORD-2026-1494,2026-05-22 16:27:08,Surulere,Local Delicacies,Fried Plantain & Asun,4500,800,1000,4300,24,55,Delivered,3.9
ORD-2026-1495,2026-05-26 13:23:57,Gbagada,Local Delicacies,Jollof Rice & Fried Chicken,5000,800,0,5800,28,41,Delivered,3.7
ORD-2026-1496,2026-06-26 22:23:15,Lekki Phase 1,Local Delicacies,Amala & Abula,12000,1500,0,13500,26,55,Delivered,3.7
ORD-2026-1497,2026-06-18 19:03:49,Yaba,Grills & Suya,Grilled Catfish,12000,1200,0,13200,21,29,Delivered,4.0
ORD-2026-1498,2026-05-24 11:38:09,Gbagada,Local Delicacies,Pounded Yam & Egusi,8000,1500,0,9500,26,34,Cancelled,
ORD-2026-1499,2026-05-25 18:09:32,Gbagada,Continental,Seafood Pasta,8000,2000,0,10000,18,37,Cancelled,
ORD-2026-1500,2026-06-24 21:48:34,Yaba,Continental,Club Sandwich,3500,800,0,4300,25,47,Delivered,3.5
ORD-2026-1501,2026-06-13 17:20:16,Yaba,Local Delicacies,Amala & Abula,3500,1500,0,5000,20,15,Delivered,4.0
ORD-2026-1502,2026-05-22 21:34:27,Ikeja,Fast Food,Beef Burger & Fries,3500,1000,0,4500,31,28,Delivered,4.9
ORD-2026-1503,2026-05-07 13:08:13,Gbagada,Fast Food,Crispy Chicken Wings,12000,1000,0,13000,16,36,Cancelled,
ORD-2026-1504,2026-05-13 20:24:01,Ikeja,Local Delicacies,Jollof Rice & Fried Chicken,3500,2000,0,5500,28,32,Delivered,4.1
ORD-2026-1505,2026-06-04 13:02:41,Lekki Phase 1,Fast Food,Shawarma Special,5000,2000,0,7000,22,34,Delivered,4.0
ORD-2026-1506,2026-06-23 12:48:10,Yaba,Continental,Seafood Pasta,8000,1200,0,9200,20,32,Delivered,4.4
ORD-2026-1507,2026-06-08 20:18:03,Ikeja,Local Delicacies,Fried Plantain & Asun,6500,1500,0,8000,19,29,Delivered,4.2
ORD-2026-1508,2026-05-26 21:44:45,Surulere,Local Delicacies,Jollof Rice & Fried Chicken,5000,1200,0,6200,26,48,Delivered,3.7
ORD-2026-1509,2026-06-05 12:35:02,Victoria Island,Fast Food,Beef Burger & Fries,4500,1500,0,6000,21,54,Delivered,4.0
ORD-2026-1510,2026-05-09 14:05:40,Victoria Island,Grills & Suya,Spicy Beef Suya,5000,1000,0,6000,17,30,Delivered,4.0
ORD-2026-1511,2026-06-08 12:59:01,Yaba,Local Delicacies,Pounded Yam & Egusi,4500,1200,0,5700,21,17,Delivered,3.7
ORD-2026-1512,2026-06-29 10:31:20,Gbagada,Grills & Suya,BBQ Chicken Quarters,12000,1500,0,13500,20,49,Delivered,4.6
ORD-2026-1513,2026-05-08 09:02:53,Lekki Phase 1,Local Delicacies,Pounded Yam & Egusi,12000,1000,0,13000,20,43,Delivered,3.8
ORD-2026-1514,2026-06-13 14:21:05,Lekki Phase 1,Local Delicacies,Amala & Abula,4500,1500,0,6000,23,26,Delivered,3.9
ORD-2026-1515,2026-05-02 09:37:16,Surulere,Local Delicacies,Jollof Rice & Fried Chicken,4500,800,0,5300,15,29,Cancelled,
ORD-2026-1516,2026-06-04 16:51:07,Lekki Phase 1,Local Delicacies,Amala & Abula,3500,2000,0,5500,26,37,Delivered,3.9
ORD-2026-1517,2026-05-22 18:04:12,Gbagada,Continental,Seafood Pasta,4500,1000,0,5500,15,28,Cancelled,
ORD-2026-1518,2026-05-29 08:54:15,Ikeja,Local Delicacies,Pounded Yam & Egusi,5000,800,0,5800,20,25,Delivered,4.1
ORD-2026-1519,2026-06-11 12:54:15,Surulere,Continental,Seafood Pasta,8000,2000,0,10000,17,28,Delivered,4.3
ORD-2026-1520,2026-05-12 18:07:19,Victoria Island,Continental,Club Sandwich,4500,1200,0,5700,11,38,Delivered,3.6
ORD-2026-1521,2026-05-03 15:22:27,Lekki Phase 1,Grills & Suya,Spicy Beef Suya,6500,1200,0,7700,26,16,Delivered,4.5
ORD-2026-1522,2026-06-20 19:19:39,Victoria Island,Local Delicacies,Fried Plantain & Asun,4500,1500,0,6000,10,35,Delivered,3.5
ORD-2026-1523,2026-06-25 12:29:20,Lekki Phase 1,Grills & Suya,Spicy Beef Suya,5000,1000,0,6000,12,29,Delivered,3.9
ORD-2026-1524,2026-05-20 13:07:38,Ikeja,Fast Food,Shawarma Special,4500,2000,0,6500,20,44,Delivered,4.1
ORD-2026-1525,2026-06-01 18:37:51,Ikeja,Local Delicacies,Fried Plantain & Asun,6500,1200,500,7200,22,35,Cancelled,
ORD-2026-1526,2026-06-03 18:32:22,Surulere,Fast Food,Crispy Chicken Wings,4500,800,0,5300,14,32,Delivered,3.5
ORD-2026-1527,2026-06-19 12:20:01,Yaba,Local Delicacies,Jollof Rice & Fried Chicken,5000,1500,0,6500,28,31,Delivered,3.7
ORD-2026-1528,2026-05-27 12:10:02,Gbagada,Grills & Suya,Spicy Beef Suya,4500,1500,0,6000,23,30,Delivered,4.8
ORD-2026-1529,2026-06-21 13:03:17,Lekki Phase 1,Grills & Suya,BBQ Chicken Quarters,8000,800,0,8800,14,43,Delivered,4.7
ORD-2026-1530,2026-06-24 20:42:14,Lekki Phase 1,Local Delicacies,Amala & Abula,6500,2000,0,8500,25,28,Delivered,5.0
ORD-2026-1531,2026-05-22 18:41:11,Ikeja,Local Delicacies,Jollof Rice & Fried Chicken,3500,800,500,3800,26,43,Delivered,4.7
ORD-2026-1532,2026-06-16 20:17:44,Ikeja,Grills & Suya,BBQ Chicken Quarters,5000,1000,0,6000,15,29,Delivered,4.3
ORD-2026-1533,2026-06-04 09:29:13,Victoria Island,Local Delicacies,Fried Plantain & Asun,8000,1500,0,9500,13,18,Delivered,4.9
ORD-2026-1534,2026-05-06 21:51:13,Victoria Island,Grills & Suya,Spicy Beef Suya,5000,800,0,5800,20,18,Delivered,3.9
ORD-2026-1535,2026-05-09 14:01:26,Victoria Island,Fast Food,Beef Burger & Fries,6500,800,0,7300,18,29,Delivered,5.0
ORD-2026-1536,2026-05-02 20:19:17,Lekki Phase 1,Local Delicacies,Jollof Rice & Fried Chicken,4500,1200,0,5700,14,35,Delivered,3.9
ORD-2026-1537,2026-05-10 08:53:32,Yaba,Continental,Club Sandwich,6500,800,0,7300,12,22,Delivered,4.6
ORD-2026-1538,2026-06-05 12:45:15,Victoria Island,Local Delicacies,Amala & Abula,8000,1500,0,9500,10,48,Delivered,3.5
ORD-2026-1539,2026-06-23 11:02:34,Ikeja,Grills & Suya,Spicy Beef Suya,4500,2000,0,6500,22,30,Delivered,3.7
ORD-2026-1540,2026-06-10 15:52:33,Gbagada,Grills & Suya,Grilled Catfish,6500,1000,0,7500,18,25,Delivered,4.1
ORD-2026-1541,2026-05-08 18:24:14,Victoria Island,Fast Food,Shawarma Special,3500,1000,0,4500,25,37,Delivered,3.6
ORD-2026-1542,2026-05-04 18:31:31,Victoria Island,Local Delicacies,Pounded Yam & Egusi,8000,2000,0,10000,29,41,In Transit,
ORD-2026-1543,2026-05-28 20:19:17,Yaba,Fast Food,Beef Burger & Fries,8000,2000,0,10000,20,16,Delivered,3.8
ORD-2026-1544,2026-05-29 20:31:28,Victoria Island,Local Delicacies,Jollof Rice & Fried Chicken,6500,1000,0,7500,22,51,Delivered,4.3
ORD-2026-1545,2026-06-12 18:22:18,Gbagada,Local Delicacies,Amala & Abula,8000,1000,0,9000,21,21,Delivered,3.8
ORD-2026-1546,2026-05-31 14:33:09,Gbagada,Grills & Suya,Grilled Catfish,6500,2000,0,8500,24,40,Delivered,3.5
ORD-2026-1547,2026-05-25 14:49:30,Lekki Phase 1,Local Delicacies,Jollof Rice & Fried Chicken,4500,800,0,5300,25,53,Delivered,3.5
ORD-2026-1548,2026-06-25 21:18:08,Ikeja,Grills & Suya,Grilled Catfish,3500,1000,500,4000,18,31,Delivered,4.2
ORD-2026-1549,2026-06-04 18:45:50,Lekki Phase 1,Grills & Suya,Spicy Beef Suya,8000,800,0,8800,19,26,In Transit,
ORD-2026-1550,2026-05-07 11:32:03,Surulere,Grills & Suya,Spicy Beef Suya,3500,1000,0,4500,16,31,Delivered,4.5
ORD-2026-1551,2026-05-04 08:36:38,Surulere,Grills & Suya,Spicy Beef Suya,6500,2000,0,8500,19,26,Delivered,4.9
ORD-2026-1552,2026-06-29 18:35:59,Lekki Phase 1,Fast Food,Crispy Chicken Wings,4500,1200,0,5700,16,29,Delivered,4.6
ORD-2026-1553,2026-06-07 21:36:51,Yaba,Fast Food,Shawarma Special,8000,1000,0,9000,34,25,Delivered,4.3
ORD-2026-1554,2026-06-04 18:21:13,Yaba,Local Delicacies,Jollof Rice & Fried Chicken,12000,2000,0,14000,26,37,Cancelled,
ORD-2026-1555,2026-05-07 16:04:54,Yaba,Grills & Suya,Grilled Catfish,5000,1000,0,6000,20,39,Delivered,4.4
ORD-2026-1556,2026-05-02 19:53:37,Lekki Phase 1,Continental,Club Sandwich,12000,1200,0,13200,18,48,Delivered,4.2
ORD-2026-1557,2026-05-15 21:57:55,Yaba,Local Delicacies,Jollof Rice & Fried Chicken,12000,800,500,12300,13,30,Delivered,4.0
ORD-2026-1558,2026-06-08 19:20:25,Ikeja,Fast Food,Shawarma Special,5000,800,500,5300,17,33,Delivered,4.6
ORD-2026-1559,2026-06-19 19:17:36,Victoria Island,Fast Food,Crispy Chicken Wings,5000,1200,0,6200,10,51,Cancelled,
ORD-2026-1560,2026-06-14 12:34:48,Victoria Island,Grills & Suya,BBQ Chicken Quarters,6500,1000,0,7500,14,44,Delivered,3.8
ORD-2026-1561,2026-06-29 19:51:54,Lekki Phase 1,Fast Food,Shawarma Special,4500,2000,500,6000,25,27,Delivered,4.3
ORD-2026-1562,2026-06-22 18:33:51,Gbagada,Local Delicacies,Pounded Yam & Egusi,4500,1200,0,5700,19,48,Cancelled,
ORD-2026-1563,2026-06-17 22:34:40,Lekki Phase 1,Fast Food,Crispy Chicken Wings,4500,2000,0,6500,28,37,Delivered,4.4
ORD-2026-1564,2026-05-29 20:41:20,Yaba,Fast Food,Crispy Chicken Wings,6500,2000,0,8500,18,28,Delivered,4.3
ORD-2026-1565,2026-06-11 08:16:55,Victoria Island,Fast Food,Shawarma Special,3500,1000,0,4500,29,42,Delivered,3.5
ORD-2026-1566,2026-05-09 09:59:47,Victoria Island,Grills & Suya,Grilled Catfish,6500,1200,0,7700,13,45,Delivered,4.2
ORD-2026-1567,2026-05-29 13:57:59,Gbagada,Continental,Club Sandwich,4500,800,0,5300,21,17,Delivered,4.2
ORD-2026-1568,2026-06-09 14:54:33,Lekki Phase 1,Local Delicacies,Fried Plantain & Asun,12000,1500,0,13500,25,49,Delivered,4.3
ORD-2026-1569,2026-05-08 22:48:14,Lekki Phase 1,Local Delicacies,Jollof Rice & Fried Chicken,12000,1000,0,13000,21,26,Delivered,4.6
ORD-2026-1570,2026-05-17 19:18:04,Ikeja,Local Delicacies,Amala & Abula,12000,1200,0,13200,19,48,Delivered,4.4
ORD-2026-1571,2026-06-01 17:36:07,Victoria Island,Continental,Seafood Pasta,6500,800,0,7300,24,54,Delivered,3.5
ORD-2026-1572,2026-05-13 21:42:00,Lekki Phase 1,Continental,Seafood Pasta,8000,1500,0,9500,20,49,Delivered,4.1
ORD-2026-1573,2026-06-14 10:23:16,Surulere,Local Delicacies,Pounded Yam & Egusi,6500,1500,0,8000,16,27,Cancelled,
ORD-2026-1574,2026-05-05 13:30:45,Surulere,Fast Food,Shawarma Special,4500,1500,0,6000,17,35,Delivered,4.1
ORD-2026-1575,2026-06-05 21:18:06,Lekki Phase 1,Grills & Suya,Spicy Beef Suya,4500,1200,0,5700,10,26,Delivered,4.3
ORD-2026-1576,2026-06-20 14:57:04,Victoria Island,Fast Food,Crispy Chicken Wings,4500,1200,0,5700,11,37,Delivered,4.0
ORD-2026-1577,2026-05-05 22:07:09,Ikeja,Local Delicacies,Fried Plantain & Asun,3500,800,0,4300,20,30,Delivered,3.6
ORD-2026-1578,2026-06-07 18:16:30,Lekki Phase 1,Grills & Suya,Spicy Beef Suya,8000,1200,0,9200,20,19,Delivered,4.0
ORD-2026-1579,2026-05-08 08:08:01,Lekki Phase 1,Local Delicacies,Jollof Rice & Fried Chicken,5000,2000,0,7000,20,25,Cancelled,
ORD-2026-1580,2026-05-15 12:35:03,Yaba,Fast Food,Beef Burger & Fries,6500,800,0,7300,14,25,Delivered,4.8
ORD-2026-1581,2026-05-14 12:57:54,Surulere,Fast Food,Crispy Chicken Wings,3500,800,0,4300,16,27,Delivered,4.0
ORD-2026-1582,2026-06-19 18:11:26,Surulere,Fast Food,Crispy Chicken Wings,6500,2000,0,8500,15,16,Delivered,4.0
ORD-2026-1583,2026-06-09 19:52:31,Lekki Phase 1,Fast Food,Shawarma Special,6500,1200,0,7700,23,33,Delivered,4.4
ORD-2026-1584,2026-05-31 18:33:10,Victoria Island,Grills & Suya,BBQ Chicken Quarters,3500,1500,0,5000,29,36,Cancelled,
ORD-2026-1585,2026-05-10 13:54:08,Ikeja,Continental,Seafood Pasta,3500,1000,0,4500,10,25,Delivered,5.0
ORD-2026-1586,2026-05-25 20:59:57,Ikeja,Continental,Chicken Caesar Salad,5000,1500,0,6500,26,39,Delivered,5.0
ORD-2026-1587,2026-05-25 18:29:19,Lekki Phase 1,Grills & Suya,Spicy Beef Suya,8000,800,0,8800,15,33,Delivered,3.7
ORD-2026-1588,2026-05-21 10:45:48,Victoria Island,Local Delicacies,Jollof Rice & Fried Chicken,6500,1000,0,7500,21,49,Delivered,3.9
ORD-2026-1589,2026-06-25 09:31:29,Yaba,Grills & Suya,BBQ Chicken Quarters,5000,1000,0,6000,22,37,Delivered,4.9
ORD-2026-1590,2026-06-24 11:40:46,Lekki Phase 1,Continental,Seafood Pasta,3500,2000,0,5500,23,33,Delivered,4.3
ORD-2026-1591,2026-05-18 20:20:07,Ikeja,Grills & Suya,Spicy Beef Suya,12000,2000,0,14000,16,27,Delivered,3.8
ORD-2026-1592,2026-06-15 17:22:43,Lekki Phase 1,Grills & Suya,Grilled Catfish,6500,1000,0,7500,18,34,Delivered,4.9
ORD-2026-1593,2026-06-01 20:21:42,Gbagada,Grills & Suya,BBQ Chicken Quarters,12000,1000,0,13000,22,27,Cancelled,
ORD-2026-1594,2026-05-25 15:12:17,Lekki Phase 1,Fast Food,Crispy Chicken Wings,12000,1000,0,13000,16,26,Delivered,4.2
ORD-2026-1595,2026-05-02 21:51:26,Lekki Phase 1,Fast Food,Crispy Chicken Wings,4500,1500,0,6000,16,36,Delivered,4.1
ORD-2026-1596,2026-06-19 14:22:23,Lekki Phase 1,Local Delicacies,Fried Plantain & Asun,12000,1500,0,13500,11,47,Cancelled,
ORD-2026-1597,2026-06-13 10:36:32,Victoria Island,Fast Food,Shawarma Special,5000,1200,0,6200,26,35,Delivered,4.7
ORD-2026-1598,2026-06-25 20:18:22,Yaba,Local Delicacies,Jollof Rice & Fried Chicken,5000,2000,0,7000,18,37,Delivered,4.4
ORD-2026-1599,2026-05-29 18:46:24,Ikeja,Fast Food,Beef Burger & Fries,4500,2000,0,6500,31,35,Delivered,4.2
ORD-2026-1600,2026-06-06 13:57:15,Ikeja,Local Delicacies,Fried Plantain & Asun,5000,1200,0,6200,26,31,Delivered,3.6
ORD-2026-1601,2026-05-08 19:02:00,Ikeja,Grills & Suya,BBQ Chicken Quarters,6500,2000,0,8500,21,33,Delivered,4.5
ORD-2026-1602,2026-05-04 13:33:42,Ikeja,Local Delicacies,Amala & Abula,12000,1200,0,13200,28,33,Delivered,3.9
ORD-2026-1603,2026-05-25 20:38:26,Lekki Phase 1,Grills & Suya,BBQ Chicken Quarters,4500,1500,0,6000,17,56,Cancelled,
ORD-2026-1604,2026-05-27 22:12:08,Lekki Phase 1,Local Delicacies,Amala & Abula,4500,1200,0,5700,12,46,Delivered,3.9
ORD-2026-1605,2026-06-21 13:25:57,Lekki Phase 1,Fast Food,Crispy Chicken Wings,3500,800,0,4300,12,42,Delivered,4.0
ORD-2026-1606,2026-06-23 16:13:56,Lekki Phase 1,Local Delicacies,Pounded Yam & Egusi,8000,800,0,8800,13,15,Delivered,3.5
ORD-2026-1607,2026-06-03 11:10:15,Victoria Island,Fast Food,Shawarma Special,3500,1200,0,4700,25,37,Delivered,3.7
ORD-2026-1608,2026-06-20 16:55:18,Yaba,Local Delicacies,Jollof Rice & Fried Chicken,12000,1500,0,13500,15,43,Delivered,3.6
ORD-2026-1609,2026-06-06 21:03:19,Victoria Island,Local Delicacies,Fried Plantain & Asun,4500,1500,0,6000,14,27,Delivered,3.9
ORD-2026-1610,2026-05-10 10:25:36,Ikeja,Fast Food,Shawarma Special,4500,1000,0,5500,15,46,Delivered,4.1
ORD-2026-1611,2026-06-07 21:20:09,Lekki Phase 1,Fast Food,Shawarma Special,3500,1000,0,4500,25,42,Delivered,4.0
ORD-2026-1612,2026-06-07 18:56:44,Victoria Island,Grills & Suya,Spicy Beef Suya,4500,1500,0,6000,23,38,Delivered,4.1
ORD-2026-1613,2026-05-20 21:03:28,Yaba,Fast Food,Shawarma Special,8000,2000,0,10000,25,37,Delivered,4.0
ORD-2026-1614,2026-05-14 15:15:57,Yaba,Local Delicacies,Jollof Rice & Fried Chicken,5000,1000,0,6000,15,34,Delivered,4.6
ORD-2026-1615,2026-06-24 22:23:33,Yaba,Continental,Club Sandwich,8000,800,0,8800,18,23,Delivered,4.4
ORD-2026-1616,2026-05-30 17:59:59,Victoria Island,Grills & Suya,BBQ Chicken Quarters,5000,1000,0,6000,10,42,Delivered,3.8
ORD-2026-1617,2026-05-19 20:18:21,Gbagada,Fast Food,Beef Burger & Fries,3500,1500,0,5000,23,33,Delivered,4.4
ORD-2026-1618,2026-05-24 20:57:37,Surulere,Local Delicacies,Fried Plantain & Asun,6500,2000,0,8500,30,28,Delivered,3.9
ORD-2026-1619,2026-06-22 22:18:47,Ikeja,Local Delicacies,Fried Plantain & Asun,3500,1000,0,4500,10,38,Delivered,4.8
ORD-2026-1620,2026-06-14 21:48:54,Yaba,Local Delicacies,Pounded Yam & Egusi,6500,1200,0,7700,19,57,Delivered,4.0
ORD-2026-1621,2026-06-02 18:48:58,Ikeja,Fast Food,Crispy Chicken Wings,6500,2000,0,8500,19,38,Delivered,4.9
ORD-2026-1622,2026-05-28 10:56:59,Lekki Phase 1,Continental,Chicken Caesar Salad,12000,2000,0,14000,20,33,Delivered,4.7
ORD-2026-1623,2026-06-23 12:05:03,Lekki Phase 1,Local Delicacies,Fried Plantain & Asun,4500,800,0,5300,18,35,Delivered,4.0
ORD-2026-1624,2026-05-20 10:14:05,Yaba,Local Delicacies,Fried Plantain & Asun,4500,2000,0,6500,24,39,Delivered,4.9
ORD-2026-1625,2026-06-16 10:38:08,Yaba,Grills & Suya,BBQ Chicken Quarters,3500,1000,0,4500,23,34,Delivered,3.6
ORD-2026-1626,2026-05-26 12:51:09,Surulere,Grills & Suya,Grilled Catfish,5000,2000,0,7000,12,24,Delivered,4.2
ORD-2026-1627,2026-06-19 14:48:29,Victoria Island,Local Delicacies,Amala & Abula,4500,1000,0,5500,22,43,Delivered,4.3
ORD-2026-1628,2026-06-23 12:58:44,Yaba,Local Delicacies,Amala & Abula,4500,800,0,5300,11,32,Delivered,3.6
ORD-2026-1629,2026-06-20 09:34:45,Ikeja,Grills & Suya,BBQ Chicken Quarters,6500,1500,0,8000,18,16,Cancelled,
ORD-2026-1630,2026-05-26 15:36:19,Ikeja,Grills & Suya,Spicy Beef Suya,12000,1000,0,13000,24,25,Delivered,4.9
ORD-2026-1631,2026-06-18 19:35:05,Ikeja,Grills & Suya,Spicy Beef Suya,6500,1500,0,8000,19,34,Delivered,4.7
ORD-2026-1632,2026-05-26 21:38:49,Lekki Phase 1,Grills & Suya,Grilled Catfish,5000,800,500,5300,23,23,Delivered,4.3
ORD-2026-1633,2026-06-04 12:35:05,Surulere,Fast Food,Crispy Chicken Wings,8000,1500,0,9500,21,35,Delivered,3.5
ORD-2026-1634,2026-06-10 18:43:59,Victoria Island,Local Delicacies,Pounded Yam & Egusi,3500,800,0,4300,19,50,Delivered,3.8
ORD-2026-1635,2026-06-26 22:24:35,Ikeja,Grills & Suya,Grilled Catfish,8000,1200,0,9200,18,38,Delivered,3.9
ORD-2026-1636,2026-05-21 18:41:29,Yaba,Local Delicacies,Fried Plantain & Asun,8000,800,0,8800,16,34,Delivered,4.9
ORD-2026-1637,2026-05-22 14:54:27,Gbagada,Grills & Suya,Spicy Beef Suya,5000,1500,0,6500,11,45,Delivered,4.4
ORD-2026-1638,2026-05-14 20:30:41,Lekki Phase 1,Fast Food,Beef Burger & Fries,6500,1200,0,7700,23,41,Delivered,4.9
ORD-2026-1639,2026-05-25 11:08:44,Victoria Island,Continental,Club Sandwich,5000,800,0,5800,13,41,Delivered,4.8
ORD-2026-1640,2026-06-05 18:17:57,Victoria Island,Local Delicacies,Fried Plantain & Asun,8000,1200,0,9200,22,24,Delivered,3.5
ORD-2026-1641,2026-06-12 18:49:32,Victoria Island,Fast Food,Beef Burger & Fries,12000,1200,500,12700,15,20,Delivered,4.4
ORD-2026-1642,2026-05-27 21:14:17,Victoria Island,Grills & Suya,BBQ Chicken Quarters,5000,2000,0,7000,24,36,Delivered,3.8
ORD-2026-1643,2026-06-01 11:23:14,Lekki Phase 1,Fast Food,Crispy Chicken Wings,5000,1500,0,6500,22,45,Delivered,4.0
ORD-2026-1644,2026-06-17 09:25:43,Ikeja,Local Delicacies,Amala & Abula,12000,2000,0,14000,20,40,Delivered,3.6
ORD-2026-1645,2026-06-25 12:36:57,Victoria Island,Local Delicacies,Amala & Abula,6500,1000,0,7500,20,49,Delivered,3.6
ORD-2026-1646,2026-05-21 14:22:25,Ikeja,Fast Food,Crispy Chicken Wings,4500,1000,0,5500,11,30,Delivered,4.6
ORD-2026-1647,2026-06-06 14:50:24,Victoria Island,Fast Food,Crispy Chicken Wings,4500,800,0,5300,16,53,Delivered,3.8
ORD-2026-1648,2026-05-21 12:40:32,Ikeja,Fast Food,Crispy Chicken Wings,4500,1000,0,5500,11,41,Cancelled,
ORD-2026-1649,2026-06-19 17:41:56,Lekki Phase 1,Local Delicacies,Fried Plantain & Asun,5000,1500,0,6500,28,15,Delivered,3.8
ORD-2026-1650,2026-05-07 08:16:23,Victoria Island,Grills & Suya,Spicy Beef Suya,4500,2000,0,6500,17,45,Delivered,3.7
ORD-2026-1651,2026-06-03 14:40:38,Ikeja,Local Delicacies,Amala & Abula,3500,1200,0,4700,26,39,Delivered,4.4
ORD-2026-1652,2026-05-22 13:05:45,Lekki Phase 1,Fast Food,Beef Burger & Fries,8000,2000,0,10000,21,33,Delivered,3.6
ORD-2026-1653,2026-05-06 09:20:04,Ikeja,Fast Food,Crispy Chicken Wings,6500,1000,0,7500,16,41,Delivered,4.1
ORD-2026-1654,2026-05-02 08:01:09,Victoria Island,Grills & Suya,Spicy Beef Suya,6500,1200,0,7700,18,49,Delivered,4.9
ORD-2026-1655,2026-06-03 10:38:21,Ikeja,Local Delicacies,Fried Plantain & Asun,8000,1000,0,9000,20,34,Cancelled,
ORD-2026-1656,2026-05-12 20:59:58,Gbagada,Grills & Suya,BBQ Chicken Quarters,5000,1000,0,6000,16,42,Delivered,4.8
ORD-2026-1657,2026-05-10 10:48:31,Surulere,Local Delicacies,Pounded Yam & Egusi,4500,1000,0,5500,21,15,Delivered,4.0
ORD-2026-1658,2026-05-07 09:03:45,Surulere,Local Delicacies,Pounded Yam & Egusi,4500,1500,0,6000,22,33,Delivered,4.5
ORD-2026-1659,2026-06-21 19:14:21,Yaba,Local Delicacies,Pounded Yam & Egusi,5000,1500,0,6500,14,43,Delivered,4.3
ORD-2026-1660,2026-06-21 10:40:39,Lekki Phase 1,Local Delicacies,Amala & Abula,6500,1200,0,7700,23,28,Delivered,4.5
ORD-2026-1661,2026-06-27 08:01:24,Ikeja,Fast Food,Shawarma Special,5000,2000,0,7000,26,59,Delivered,4.4
ORD-2026-1662,2026-06-25 18:32:41,Lekki Phase 1,Local Delicacies,Amala & Abula,4500,1200,0,5700,19,31,Delivered,4.1
ORD-2026-1663,2026-06-21 17:51:22,Lekki Phase 1,Grills & Suya,Grilled Catfish,6500,2000,500,8000,22,33,Delivered,3.6
ORD-2026-1664,2026-05-25 14:18:04,Surulere,Fast Food,Beef Burger & Fries,8000,1000,0,9000,15,34,Delivered,4.2
ORD-2026-1665,2026-06-20 18:09:07,Ikeja,Local Delicacies,Pounded Yam & Egusi,6500,1500,0,8000,20,40,Delivered,4.9
ORD-2026-1666,2026-05-24 12:35:36,Yaba,Fast Food,Shawarma Special,8000,800,0,8800,12,17,Delivered,3.5
ORD-2026-1667,2026-05-21 12:46:14,Ikeja,Fast Food,Crispy Chicken Wings,4500,1000,0,5500,12,30,Delivered,3.7
ORD-2026-1668,2026-06-17 09:41:59,Lekki Phase 1,Local Delicacies,Jollof Rice & Fried Chicken,12000,2000,0,14000,14,27,Delivered,4.0
ORD-2026-1669,2026-05-20 13:06:15,Gbagada,Continental,Chicken Caesar Salad,12000,1500,0,13500,28,38,Delivered,3.6
ORD-2026-1670,2026-05-03 14:49:42,Ikeja,Local Delicacies,Fried Plantain & Asun,3500,2000,0,5500,24,32,Delivered,4.2
ORD-2026-1671,2026-06-09 18:00:54,Victoria Island,Continental,Seafood Pasta,6500,2000,0,8500,20,20,Cancelled,
ORD-2026-1672,2026-05-08 11:47:42,Victoria Island,Local Delicacies,Amala & Abula,6500,1500,0,8000,21,34,Delivered,4.1
ORD-2026-1673,2026-06-06 20:45:53,Victoria Island,Local Delicacies,Pounded Yam & Egusi,3500,1200,0,4700,19,30,Delivered,4.8
ORD-2026-1674,2026-05-19 11:10:45,Gbagada,Fast Food,Beef Burger & Fries,8000,1500,500,9000,27,22,Delivered,4.8
ORD-2026-1675,2026-06-24 17:44:54,Victoria Island,Fast Food,Crispy Chicken Wings,12000,800,0,12800,15,23,Delivered,4.3
ORD-2026-1676,2026-06-22 15:33:03,Ikeja,Local Delicacies,Amala & Abula,4500,1000,0,5500,14,38,Delivered,3.5
ORD-2026-1677,2026-05-28 17:58:54,Yaba,Grills & Suya,BBQ Chicken Quarters,6500,1000,0,7500,14,39,Delivered,3.6
ORD-2026-1678,2026-05-27 10:32:03,Gbagada,Local Delicacies,Amala & Abula,12000,1500,0,13500,10,34,Delivered,3.8
ORD-2026-1679,2026-05-25 09:04:34,Ikeja,Fast Food,Crispy Chicken Wings,3500,1500,0,5000,20,41,Delivered,5.0
ORD-2026-1680,2026-05-28 11:37:49,Victoria Island,Local Delicacies,Amala & Abula,3500,1500,0,5000,28,43,In Transit,
ORD-2026-1681,2026-05-06 11:56:10,Ikeja,Fast Food,Crispy Chicken Wings,3500,1000,0,4500,17,30,Delivered,3.7
ORD-2026-1682,2026-05-02 11:08:20,Lekki Phase 1,Grills & Suya,BBQ Chicken Quarters,8000,1000,0,9000,31,37,Delivered,4.6
ORD-2026-1683,2026-05-24 14:11:27,Gbagada,Local Delicacies,Pounded Yam & Egusi,5000,800,0,5800,23,29,Delivered,3.6
ORD-2026-1684,2026-05-30 19:27:55,Ikeja,Local Delicacies,Pounded Yam & Egusi,5000,800,0,5800,19,25,Delivered,3.9
ORD-2026-1685,2026-05-26 19:34:51,Lekki Phase 1,Grills & Suya,Grilled Catfish,8000,1000,0,9000,24,39,Delivered,3.5
ORD-2026-1686,2026-06-03 21:17:57,Lekki Phase 1,Fast Food,Crispy Chicken Wings,4500,1200,0,5700,33,35,Delivered,4.5
ORD-2026-1687,2026-05-11 22:21:16,Ikeja,Local Delicacies,Jollof Rice & Fried Chicken,8000,1200,0,9200,20,46,Delivered,4.8
ORD-2026-1688,2026-05-05 16:14:26,Surulere,Local Delicacies,Pounded Yam & Egusi,8000,800,0,8800,18,46,Delivered,4.7
ORD-2026-1689,2026-06-04 19:15:33,Victoria Island,Local Delicacies,Pounded Yam & Egusi,6500,1500,0,8000,16,30,Delivered,4.3
ORD-2026-1690,2026-05-02 18:46:38,Ikeja,Local Delicacies,Jollof Rice & Fried Chicken,8000,1200,0,9200,22,41,Delivered,3.9
ORD-2026-1691,2026-05-06 11:00:07,Gbagada,Local Delicacies,Fried Plantain & Asun,4500,1000,500,5000,16,15,Delivered,4.4
ORD-2026-1692,2026-06-24 21:02:03,Lekki Phase 1,Fast Food,Shawarma Special,4500,2000,0,6500,14,33,Delivered,3.8
ORD-2026-1693,2026-06-27 20:14:20,Lekki Phase 1,Local Delicacies,Pounded Yam & Egusi,4500,1200,0,5700,22,27,Delivered,3.7
ORD-2026-1694,2026-06-04 15:45:51,Victoria Island,Fast Food,Crispy Chicken Wings,5000,800,0,5800,15,57,Delivered,4.9
ORD-2026-1695,2026-05-14 08:38:08,Victoria Island,Fast Food,Beef Burger & Fries,8000,800,500,8300,17,16,Delivered,4.8
ORD-2026-1696,2026-06-04 21:17:50,Ikeja,Grills & Suya,Grilled Catfish,8000,1500,0,9500,21,22,Delivered,3.8
ORD-2026-1697,2026-06-02 10:22:58,Surulere,Local Delicacies,Pounded Yam & Egusi,4500,1500,0,6000,18,44,Cancelled,
ORD-2026-1698,2026-05-27 20:37:13,Gbagada,Local Delicacies,Jollof Rice & Fried Chicken,8000,2000,0,10000,26,39,Delivered,3.7
ORD-2026-1699,2026-06-05 20:34:18,Gbagada,Grills & Suya,Grilled Catfish,4500,1000,0,5500,16,48,Delivered,4.6
ORD-2026-1700,2026-05-30 10:19:48,Lekki Phase 1,Continental,Seafood Pasta,3500,1000,0,4500,16,36,Delivered,3.7
ORD-2026-1701,2026-05-25 20:25:37,Lekki Phase 1,Local Delicacies,Amala & Abula,8000,1500,0,9500,18,21,Delivered,4.4
ORD-2026-1702,2026-05-23 12:18:45,Victoria Island,Local Delicacies,Fried Plantain & Asun,8000,1500,0,9500,21,34,Delivered,4.4
ORD-2026-1703,2026-06-20 10:08:27,Lekki Phase 1,Continental,Chicken Caesar Salad,12000,1500,0,13500,15,44,Delivered,4.8
ORD-2026-1704,2026-05-20 16:08:58,Gbagada,Local Delicacies,Jollof Rice & Fried Chicken,12000,1200,0,13200,13,38,Delivered,4.3
ORD-2026-1705,2026-06-29 11:18:46,Lekki Phase 1,Local Delicacies,Fried Plantain & Asun,12000,800,0,12800,21,29,Delivered,4.4
ORD-2026-1706,2026-06-21 20:52:35,Lekki Phase 1,Local Delicacies,Jollof Rice & Fried Chicken,4500,800,500,4800,26,36,Delivered,3.7
ORD-2026-1707,2026-06-09 12:32:55,Victoria Island,Local Delicacies,Jollof Rice & Fried Chicken,12000,1500,0,13500,18,37,Cancelled,
ORD-2026-1708,2026-06-21 14:52:34,Victoria Island,Grills & Suya,BBQ Chicken Quarters,4500,1500,500,5500,24,55,Delivered,4.1
ORD-2026-1709,2026-06-10 20:40:03,Yaba,Local Delicacies,Pounded Yam & Egusi,8000,1000,0,9000,19,31,In Transit,
ORD-2026-1710,2026-06-28 22:01:40,Ikeja,Local Delicacies,Pounded Yam & Egusi,6500,1000,0,7500,20,23,Delivered,4.1
ORD-2026-1711,2026-06-15 21:54:15,Lekki Phase 1,Continental,Seafood Pasta,8000,1000,0,9000,28,29,Delivered,4.4
ORD-2026-1712,2026-05-29 22:29:11,Yaba,Local Delicacies,Fried Plantain & Asun,3500,1500,0,5000,30,50,Delivered,4.1
ORD-2026-1713,2026-06-04 20:49:20,Lekki Phase 1,Local Delicacies,Jollof Rice & Fried Chicken,6500,2000,0,8500,18,38,Delivered,4.9
ORD-2026-1714,2026-05-21 18:36:02,Lekki Phase 1,Local Delicacies,Pounded Yam & Egusi,8000,800,1000,7800,20,15,Delivered,4.0
ORD-2026-1715,2026-06-13 19:08:08,Ikeja,Continental,Chicken Caesar Salad,3500,1200,0,4700,20,30,Delivered,4.1
ORD-2026-1716,2026-05-04 09:23:31,Yaba,Fast Food,Shawarma Special,6500,2000,0,8500,22,43,Delivered,3.8
ORD-2026-1717,2026-05-01 21:46:39,Ikeja,Fast Food,Crispy Chicken Wings,12000,1200,0,13200,29,40,In Transit,
ORD-2026-1718,2026-05-12 16:46:14,Ikeja,Continental,Chicken Caesar Salad,8000,1200,0,9200,20,44,Delivered,4.6
ORD-2026-1719,2026-06-10 18:28:21,Surulere,Local Delicacies,Pounded Yam & Egusi,4500,1500,0,6000,21,15,Cancelled,
ORD-2026-1720,2026-06-09 16:19:56,Victoria Island,Continental,Club Sandwich,3500,2000,0,5500,20,50,Delivered,4.0
ORD-2026-1721,2026-05-29 21:06:27,Lekki Phase 1,Local Delicacies,Jollof Rice & Fried Chicken,3500,800,0,4300,19,45,Delivered,3.9
ORD-2026-1722,2026-05-28 18:44:02,Ikeja,Fast Food,Shawarma Special,8000,1000,0,9000,15,48,Delivered,4.9
ORD-2026-1723,2026-05-22 13:26:54,Ikeja,Continental,Chicken Caesar Salad,6500,1200,0,7700,22,32,Delivered,4.5
ORD-2026-1724,2026-06-10 21:37:05,Victoria Island,Local Delicacies,Amala & Abula,8000,1500,0,9500,22,35,Delivered,4.2
ORD-2026-1725,2026-05-22 12:11:05,Yaba,Grills & Suya,BBQ Chicken Quarters,4500,1000,0,5500,23,23,Delivered,4.8
ORD-2026-1726,2026-05-26 10:59:41,Gbagada,Grills & Suya,Spicy Beef Suya,6500,1200,0,7700,21,37,Delivered,4.0
ORD-2026-1727,2026-05-01 19:48:34,Ikeja,Continental,Chicken Caesar Salad,12000,1000,0,13000,24,29,Delivered,4.7
ORD-2026-1728,2026-06-09 19:19:55,Victoria Island,Fast Food,Crispy Chicken Wings,4500,800,0,5300,23,33,Cancelled,
ORD-2026-1729,2026-06-18 20:48:45,Yaba,Grills & Suya,Spicy Beef Suya,12000,2000,0,14000,25,42,Delivered,3.7
ORD-2026-1730,2026-06-18 14:19:59,Surulere,Fast Food,Shawarma Special,5000,1000,0,6000,14,17,Delivered,4.7
ORD-2026-1731,2026-06-02 19:52:48,Lekki Phase 1,Fast Food,Shawarma Special,4500,2000,0,6500,22,36,In Transit,
ORD-2026-1732,2026-06-11 20:40:08,Lekki Phase 1,Local Delicacies,Fried Plantain & Asun,8000,1500,0,9500,23,41,Delivered,4.4
ORD-2026-1733,2026-05-24 12:16:23,Surulere,Fast Food,Beef Burger & Fries,12000,800,0,12800,12,17,Delivered,3.7
ORD-2026-1734,2026-05-21 21:54:40,Victoria Island,Local Delicacies,Jollof Rice & Fried Chicken,4500,1000,0,5500,11,35,Cancelled,
ORD-2026-1735,2026-06-08 14:45:18,Lekki Phase 1,Local Delicacies,Jollof Rice & Fried Chicken,3500,1500,0,5000,17,26,Delivered,4.8
ORD-2026-1736,2026-05-11 20:44:00,Ikeja,Local Delicacies,Amala & Abula,6500,1200,1000,6700,12,59,In Transit,
ORD-2026-1737,2026-06-09 18:07:07,Victoria Island,Fast Food,Crispy Chicken Wings,4500,2000,500,6000,25,37,Delivered,4.5
ORD-2026-1738,2026-06-22 19:47:32,Lekki Phase 1,Local Delicacies,Jollof Rice & Fried Chicken,3500,1000,0,4500,15,24,Delivered,4.8
ORD-2026-1739,2026-06-14 11:57:04,Lekki Phase 1,Fast Food,Crispy Chicken Wings,8000,2000,0,10000,17,38,Delivered,4.6
ORD-2026-1740,2026-05-08 16:22:29,Ikeja,Local Delicacies,Jollof Rice & Fried Chicken,4500,2000,0,6500,23,31,Delivered,4.9
ORD-2026-1741,2026-06-14 08:46:19,Lekki Phase 1,Grills & Suya,Spicy Beef Suya,3500,1200,1000,3700,21,41,Delivered,4.1
ORD-2026-1742,2026-05-18 18:29:32,Yaba,Fast Food,Beef Burger & Fries,3500,1000,0,4500,15,35,Delivered,4.8
ORD-2026-1743,2026-06-05 14:46:27,Victoria Island,Local Delicacies,Amala & Abula,3500,1000,0,4500,16,27,In Transit,
ORD-2026-1744,2026-06-09 08:11:57,Lekki Phase 1,Local Delicacies,Fried Plantain & Asun,8000,1000,0,9000,16,24,In Transit,
ORD-2026-1745,2026-06-20 21:01:28,Yaba,Grills & Suya,Spicy Beef Suya,6500,800,0,7300,14,41,Delivered,4.8
ORD-2026-1746,2026-06-10 14:10:12,Victoria Island,Grills & Suya,BBQ Chicken Quarters,5000,800,0,5800,19,19,Delivered,4.1
ORD-2026-1747,2026-05-10 14:53:08,Ikeja,Local Delicacies,Amala & Abula,12000,2000,1000,13000,21,29,Delivered,3.5
ORD-2026-1748,2026-06-26 14:19:05,Ikeja,Continental,Club Sandwich,12000,1500,0,13500,20,18,Delivered,3.8
ORD-2026-1749,2026-05-27 15:37:02,Yaba,Local Delicacies,Fried Plantain & Asun,6500,1200,0,7700,22,40,Delivered,4.0
ORD-2026-1750,2026-05-16 09:16:40,Gbagada,Local Delicacies,Amala & Abula,4500,1000,0,5500,22,38,Delivered,4.8
ORD-2026-1751,2026-05-12 12:54:44,Lekki Phase 1,Local Delicacies,Pounded Yam & Egusi,3500,800,1000,3300,17,44,In Transit,
ORD-2026-1752,2026-05-15 19:48:30,Lekki Phase 1,Grills & Suya,Spicy Beef Suya,4500,1500,0,6000,20,24,Delivered,4.7
ORD-2026-1753,2026-05-25 08:37:27,Yaba,Continental,Seafood Pasta,4500,2000,0,6500,20,35,Delivered,4.6
ORD-2026-1754,2026-05-21 09:35:34,Yaba,Grills & Suya,BBQ Chicken Quarters,3500,2000,0,5500,16,30,Delivered,4.5
ORD-2026-1755,2026-06-14 19:37:57,Ikeja,Fast Food,Crispy Chicken Wings,5000,800,0,5800,15,24,Delivered,4.1
ORD-2026-1756,2026-05-30 13:31:02,Victoria Island,Local Delicacies,Fried Plantain & Asun,3500,800,0,4300,18,33,Delivered,4.5
ORD-2026-1757,2026-05-03 17:40:22,Ikeja,Local Delicacies,Pounded Yam & Egusi,8000,2000,0,10000,22,33,In Transit,
ORD-2026-1758,2026-06-09 22:57:58,Yaba,Local Delicacies,Fried Plantain & Asun,12000,1500,0,13500,23,38,Delivered,3.7
ORD-2026-1759,2026-06-26 18:32:23,Ikeja,Local Delicacies,Amala & Abula,6500,1000,0,7500,14,46,Delivered,3.7
ORD-2026-1760,2026-06-08 18:36:06,Yaba,Fast Food,Crispy Chicken Wings,4500,1200,0,5700,22,44,Delivered,4.1
ORD-2026-1761,2026-05-04 12:00:46,Yaba,Fast Food,Beef Burger & Fries,4500,1000,0,5500,18,29,Delivered,4.9
ORD-2026-1762,2026-05-20 13:59:17,Surulere,Local Delicacies,Jollof Rice & Fried Chicken,12000,1500,0,13500,22,26,Delivered,3.7
ORD-2026-1763,2026-05-28 21:30:26,Surulere,Grills & Suya,Grilled Catfish,8000,1000,500,8500,24,35,Cancelled,
ORD-2026-1764,2026-05-11 20:04:07,Surulere,Local Delicacies,Fried Plantain & Asun,5000,2000,0,7000,24,26,Delivered,4.0
ORD-2026-1765,2026-06-03 22:11:37,Lekki Phase 1,Fast Food,Shawarma Special,3500,1500,0,5000,22,45,Delivered,3.7
ORD-2026-1766,2026-05-01 12:44:49,Victoria Island,Local Delicacies,Jollof Rice & Fried Chicken,6500,1200,0,7700,18,42,Cancelled,
ORD-2026-1767,2026-05-05 14:02:10,Lekki Phase 1,Fast Food,Shawarma Special,5000,2000,0,7000,27,36,Delivered,4.9
ORD-2026-1768,2026-06-14 14:45:53,Surulere,Local Delicacies,Fried Plantain & Asun,3500,800,0,4300,27,16,Delivered,5.0
ORD-2026-1769,2026-06-12 13:50:49,Lekki Phase 1,Local Delicacies,Fried Plantain & Asun,4500,1200,0,5700,24,28,Delivered,3.8
ORD-2026-1770,2026-05-06 17:52:29,Ikeja,Fast Food,Shawarma Special,5000,1200,0,6200,27,42,In Transit,
ORD-2026-1771,2026-06-11 15:36:41,Victoria Island,Local Delicacies,Amala & Abula,4500,1200,0,5700,24,43,Delivered,4.7
ORD-2026-1772,2026-06-29 21:05:03,Lekki Phase 1,Local Delicacies,Pounded Yam & Egusi,12000,1000,0,13000,18,32,Delivered,3.5
ORD-2026-1773,2026-05-18 08:28:12,Victoria Island,Local Delicacies,Fried Plantain & Asun,12000,800,1000,11800,19,27,Delivered,4.2
ORD-2026-1774,2026-06-28 11:16:44,Gbagada,Grills & Suya,Grilled Catfish,4500,800,0,5300,20,30,Delivered,4.0
ORD-2026-1775,2026-06-01 18:04:36,Ikeja,Grills & Suya,BBQ Chicken Quarters,3500,2000,0,5500,24,26,Delivered,4.7
ORD-2026-1776,2026-06-10 13:44:21,Lekki Phase 1,Grills & Suya,Spicy Beef Suya,5000,2000,0,7000,21,40,Delivered,4.1
ORD-2026-1777,2026-06-22 10:02:41,Lekki Phase 1,Continental,Chicken Caesar Salad,5000,1500,0,6500,18,46,Cancelled,
ORD-2026-1778,2026-06-03 14:57:48,Gbagada,Grills & Suya,BBQ Chicken Quarters,12000,800,0,12800,26,27,Delivered,4.8
ORD-2026-1779,2026-05-21 18:20:43,Surulere,Local Delicacies,Jollof Rice & Fried Chicken,12000,800,1000,11800,22,32,Delivered,5.0
ORD-2026-1780,2026-05-11 14:00:27,Victoria Island,Fast Food,Crispy Chicken Wings,12000,1500,0,13500,22,31,Delivered,3.8
ORD-2026-1781,2026-05-24 15:46:33,Ikeja,Grills & Suya,Grilled Catfish,5000,800,0,5800,20,37,Delivered,4.2
ORD-2026-1782,2026-05-11 19:16:34,Victoria Island,Local Delicacies,Jollof Rice & Fried Chicken,3500,800,0,4300,17,15,Delivered,4.5
ORD-2026-1783,2026-06-29 20:56:23,Victoria Island,Local Delicacies,Amala & Abula,4500,1000,0,5500,11,50,Cancelled,
ORD-2026-1784,2026-06-27 21:20:07,Ikeja,Grills & Suya,Spicy Beef Suya,12000,2000,0,14000,17,31,Delivered,4.0
ORD-2026-1785,2026-05-28 15:35:53,Victoria Island,Grills & Suya,BBQ Chicken Quarters,8000,1500,0,9500,18,59,Delivered,3.9
ORD-2026-1786,2026-05-19 14:52:33,Surulere,Fast Food,Crispy Chicken Wings,8000,800,0,8800,21,41,Delivered,3.6
ORD-2026-1787,2026-05-11 21:11:53,Surulere,Local Delicacies,Pounded Yam & Egusi,3500,800,500,3800,19,47,Cancelled,
ORD-2026-1788,2026-05-21 17:27:04,Gbagada,Fast Food,Beef Burger & Fries,8000,2000,0,10000,20,43,Delivered,3.8
ORD-2026-1789,2026-05-17 08:45:57,Victoria Island,Fast Food,Shawarma Special,5000,1200,0,6200,14,34,Delivered,4.5
ORD-2026-1790,2026-05-12 10:18:25,Victoria Island,Local Delicacies,Amala & Abula,3500,1000,0,4500,14,19,Delivered,4.2
ORD-2026-1791,2026-06-17 18:31:05,Lekki Phase 1,Grills & Suya,Spicy Beef Suya,6500,2000,1000,7500,18,32,Delivered,5.0
ORD-2026-1792,2026-06-24 20:10:32,Yaba,Grills & Suya,Spicy Beef Suya,4500,1500,0,6000,19,32,In Transit,
ORD-2026-1793,2026-05-24 14:10:56,Victoria Island,Grills & Suya,BBQ Chicken Quarters,8000,2000,0,10000,14,46,Delivered,4.9
ORD-2026-1794,2026-06-20 14:52:13,Lekki Phase 1,Continental,Seafood Pasta,8000,1000,0,9000,18,51,Delivered,3.8
ORD-2026-1795,2026-05-27 14:46:46,Yaba,Fast Food,Crispy Chicken Wings,12000,1000,0,13000,20,38,Delivered,4.1
ORD-2026-1796,2026-05-04 10:47:08,Yaba,Fast Food,Shawarma Special,5000,1000,1000,5000,18,21,Delivered,4.6
ORD-2026-1797,2026-05-08 08:16:48,Yaba,Local Delicacies,Pounded Yam & Egusi,12000,1200,0,13200,28,21,Delivered,3.8
ORD-2026-1798,2026-06-02 10:37:02,Gbagada,Grills & Suya,BBQ Chicken Quarters,4500,1200,0,5700,22,33,Delivered,4.0
ORD-2026-1799,2026-06-28 21:45:30,Victoria Island,Continental,Chicken Caesar Salad,5000,1500,0,6500,29,26,Delivered,4.7
ORD-2026-1800,2026-06-24 20:28:21,Surulere,Grills & Suya,Grilled Catfish,8000,2000,0,10000,19,39,Cancelled,
ORD-2026-1801,2026-06-12 09:41:20,Ikeja,Fast Food,Crispy Chicken Wings,5000,1000,0,6000,22,25,Delivered,4.1
ORD-2026-1802,2026-05-16 08:23:34,Victoria Island,Local Delicacies,Jollof Rice & Fried Chicken,3500,2000,0,5500,20,29,Delivered,3.5
ORD-2026-1803,2026-06-25 20:46:34,Ikeja,Continental,Club Sandwich,3500,1200,0,4700,22,15,Delivered,4.7
ORD-2026-1804,2026-05-19 13:48:39,Yaba,Local Delicacies,Fried Plantain & Asun,4500,1200,0,5700,17,36,Delivered,3.7
ORD-2026-1805,2026-05-07 14:00:35,Surulere,Local Delicacies,Jollof Rice & Fried Chicken,5000,2000,0,7000,20,40,Delivered,4.9
ORD-2026-1806,2026-05-25 21:36:12,Surulere,Grills & Suya,Grilled Catfish,3500,2000,500,5000,23,17,Delivered,4.2
ORD-2026-1807,2026-06-09 11:08:00,Lekki Phase 1,Local Delicacies,Jollof Rice & Fried Chicken,3500,1500,0,5000,22,54,Cancelled,
ORD-2026-1808,2026-06-05 17:39:22,Ikeja,Grills & Suya,Spicy Beef Suya,8000,1500,0,9500,20,22,Delivered,4.6
ORD-2026-1809,2026-05-09 16:03:29,Victoria Island,Local Delicacies,Pounded Yam & Egusi,4500,1500,0,6000,21,22,Delivered,3.7
ORD-2026-1810,2026-05-31 14:07:02,Ikeja,Fast Food,Crispy Chicken Wings,6500,1000,0,7500,24,46,Delivered,4.6
ORD-2026-1811,2026-05-14 15:31:33,Gbagada,Fast Food,Shawarma Special,12000,800,0,12800,24,62,Delivered,4.5
ORD-2026-1812,2026-06-14 10:37:15,Ikeja,Local Delicacies,Jollof Rice & Fried Chicken,4500,800,0,5300,19,41,Delivered,3.8
ORD-2026-1813,2026-05-02 21:33:41,Ikeja,Grills & Suya,Grilled Catfish,6500,2000,0,8500,20,35,Delivered,4.0
ORD-2026-1814,2026-06-29 11:01:01,Surulere,Grills & Suya,Grilled Catfish,6500,2000,0,8500,10,43,Delivered,4.6
ORD-2026-1815,2026-05-26 21:30:59,Surulere,Continental,Club Sandwich,8000,1200,1000,8200,16,44,Delivered,3.8
ORD-2026-1816,2026-06-03 21:13:55,Ikeja,Fast Food,Shawarma Special,3500,1200,0,4700,22,43,Delivered,4.1
ORD-2026-1817,2026-06-24 15:38:52,Lekki Phase 1,Local Delicacies,Fried Plantain & Asun,4500,1000,0,5500,20,33,Delivered,4.1
ORD-2026-1818,2026-06-08 12:29:52,Ikeja,Local Delicacies,Jollof Rice & Fried Chicken,4500,1200,0,5700,17,37,Delivered,4.9
ORD-2026-1819,2026-05-13 19:18:56,Lekki Phase 1,Fast Food,Crispy Chicken Wings,6500,1500,0,8000,14,24,Delivered,4.6
ORD-2026-1820,2026-05-25 12:54:22,Gbagada,Local Delicacies,Amala & Abula,8000,2000,0,10000,11,21,Delivered,3.9
ORD-2026-1821,2026-06-01 13:35:07,Lekki Phase 1,Continental,Club Sandwich,8000,1000,0,9000,24,37,Delivered,4.2
ORD-2026-1822,2026-06-23 13:13:49,Surulere,Local Delicacies,Jollof Rice & Fried Chicken,4500,1500,0,6000,17,29,Delivered,3.6
ORD-2026-1823,2026-05-28 19:23:14,Lekki Phase 1,Local Delicacies,Jollof Rice & Fried Chicken,8000,2000,0,10000,21,42,Delivered,4.4
ORD-2026-1824,2026-05-22 18:12:58,Lekki Phase 1,Local Delicacies,Jollof Rice & Fried Chicken,8000,2000,0,10000,24,38,Delivered,3.7
ORD-2026-1825,2026-05-23 11:54:30,Lekki Phase 1,Fast Food,Shawarma Special,4500,1000,0,5500,24,38,Delivered,4.7
ORD-2026-1826,2026-05-14 22:33:10,Ikeja,Fast Food,Shawarma Special,5000,1500,0,6500,18,40,Cancelled,
ORD-2026-1827,2026-06-10 17:56:30,Ikeja,Fast Food,Shawarma Special,3500,1200,0,4700,17,24,Delivered,4.4
ORD-2026-1828,2026-06-18 13:17:31,Ikeja,Local Delicacies,Fried Plantain & Asun,3500,1500,0,5000,27,45,Delivered,4.5
ORD-2026-1829,2026-05-22 17:23:49,Ikeja,Fast Food,Shawarma Special,8000,1000,0,9000,11,34,Delivered,4.7
ORD-2026-1830,2026-05-08 19:43:56,Yaba,Fast Food,Shawarma Special,5000,1500,0,6500,19,48,Delivered,4.8
ORD-2026-1831,2026-05-29 08:00:42,Surulere,Grills & Suya,BBQ Chicken Quarters,5000,800,0,5800,20,38,Delivered,4.4
ORD-2026-1832,2026-05-19 13:43:03,Surulere,Grills & Suya,Grilled Catfish,4500,800,500,4800,16,25,Delivered,4.0
ORD-2026-1833,2026-06-05 10:12:18,Surulere,Fast Food,Crispy Chicken Wings,5000,1000,0,6000,20,27,Delivered,3.8
ORD-2026-1834,2026-06-18 18:50:36,Yaba,Grills & Suya,BBQ Chicken Quarters,8000,800,0,8800,23,24,Delivered,3.9
ORD-2026-1835,2026-05-17 09:28:32,Surulere,Fast Food,Beef Burger & Fries,8000,800,500,8300,20,36,Cancelled,
ORD-2026-1836,2026-06-29 21:09:46,Victoria Island,Local Delicacies,Pounded Yam & Egusi,5000,1200,0,6200,25,48,Delivered,4.0
ORD-2026-1837,2026-05-23 14:12:36,Surulere,Grills & Suya,Grilled Catfish,3500,2000,0,5500,10,45,Delivered,4.5
ORD-2026-1838,2026-06-02 14:16:03,Yaba,Local Delicacies,Fried Plantain & Asun,8000,2000,0,10000,24,43,Delivered,3.8
ORD-2026-1839,2026-06-16 08:20:19,Victoria Island,Continental,Club Sandwich,12000,1200,0,13200,29,19,Delivered,4.3
ORD-2026-1840,2026-05-19 19:41:16,Yaba,Grills & Suya,Spicy Beef Suya,12000,2000,0,14000,11,34,Delivered,4.6
ORD-2026-1841,2026-06-06 21:27:40,Ikeja,Grills & Suya,Grilled Catfish,5000,1200,0,6200,15,30,Delivered,4.5
ORD-2026-1842,2026-06-04 13:13:34,Victoria Island,Local Delicacies,Jollof Rice & Fried Chicken,5000,1200,0,6200,15,35,Delivered,4.4
ORD-2026-1843,2026-06-13 21:40:12,Ikeja,Local Delicacies,Jollof Rice & Fried Chicken,3500,1200,0,4700,18,31,Delivered,3.8
ORD-2026-1844,2026-05-18 18:30:01,Lekki Phase 1,Fast Food,Shawarma Special,4500,800,0,5300,12,33,Delivered,4.9
ORD-2026-1845,2026-05-16 20:10:53,Yaba,Fast Food,Crispy Chicken Wings,12000,2000,0,14000,23,15,Delivered,3.6
ORD-2026-1846,2026-06-25 18:44:22,Lekki Phase 1,Local Delicacies,Amala & Abula,3500,800,0,4300,20,30,Delivered,4.1
ORD-2026-1847,2026-06-14 12:23:07,Surulere,Local Delicacies,Fried Plantain & Asun,3500,2000,0,5500,21,16,Delivered,3.9
ORD-2026-1848,2026-05-07 14:27:05,Gbagada,Local Delicacies,Amala & Abula,3500,1000,0,4500,28,48,Delivered,4.0
ORD-2026-1849,2026-06-13 18:39:53,Ikeja,Local Delicacies,Pounded Yam & Egusi,8000,2000,0,10000,21,26,Delivered,3.5
ORD-2026-1850,2026-06-23 19:59:42,Lekki Phase 1,Fast Food,Shawarma Special,12000,1200,0,13200,13,25,Delivered,4.7
ORD-2026-1851,2026-06-04 08:53:53,Gbagada,Local Delicacies,Amala & Abula,12000,800,0,12800,12,20,Delivered,4.1
ORD-2026-1852,2026-05-10 21:52:09,Lekki Phase 1,Grills & Suya,Grilled Catfish,12000,1200,0,13200,18,15,Delivered,3.9
ORD-2026-1853,2026-06-15 20:23:01,Victoria Island,Local Delicacies,Jollof Rice & Fried Chicken,8000,2000,1000,9000,13,29,Delivered,4.4
ORD-2026-1854,2026-05-22 16:09:34,Ikeja,Local Delicacies,Fried Plantain & Asun,3500,1500,0,5000,21,30,Delivered,3.7
ORD-2026-1855,2026-05-25 16:16:11,Gbagada,Local Delicacies,Jollof Rice & Fried Chicken,6500,1500,0,8000,19,42,Delivered,3.9
ORD-2026-1856,2026-06-23 19:42:24,Surulere,Fast Food,Beef Burger & Fries,6500,1200,0,7700,20,34,Delivered,3.6
ORD-2026-1857,2026-06-05 13:37:00,Victoria Island,Local Delicacies,Amala & Abula,6500,800,0,7300,14,28,Delivered,4.4
ORD-2026-1858,2026-05-20 21:16:39,Lekki Phase 1,Local Delicacies,Pounded Yam & Egusi,8000,2000,0,10000,22,15,Delivered,4.0
ORD-2026-1859,2026-05-28 10:53:52,Ikeja,Fast Food,Shawarma Special,5000,1200,0,6200,16,32,Cancelled,
ORD-2026-1860,2026-06-11 16:40:33,Lekki Phase 1,Fast Food,Beef Burger & Fries,4500,1000,0,5500,25,35,Delivered,4.9
ORD-2026-1861,2026-06-06 19:24:32,Ikeja,Local Delicacies,Jollof Rice & Fried Chicken,4500,1200,0,5700,10,49,Delivered,4.2
ORD-2026-1862,2026-06-24 18:56:11,Lekki Phase 1,Local Delicacies,Jollof Rice & Fried Chicken,6500,1200,0,7700,27,53,Delivered,4.7
ORD-2026-1863,2026-05-16 19:35:12,Surulere,Fast Food,Beef Burger & Fries,4500,1000,0,5500,23,30,Delivered,4.3
ORD-2026-1864,2026-05-07 10:08:31,Gbagada,Fast Food,Beef Burger & Fries,12000,2000,0,14000,19,41,Delivered,4.2
ORD-2026-1865,2026-05-11 17:24:55,Victoria Island,Fast Food,Beef Burger & Fries,3500,1500,0,5000,26,44,Delivered,3.6
ORD-2026-1866,2026-05-08 14:03:39,Ikeja,Local Delicacies,Fried Plantain & Asun,3500,1500,0,5000,15,43,Delivered,4.3
ORD-2026-1867,2026-05-03 15:33:33,Ikeja,Grills & Suya,BBQ Chicken Quarters,8000,1500,0,9500,18,27,Delivered,3.7
ORD-2026-1868,2026-05-28 18:22:43,Ikeja,Grills & Suya,BBQ Chicken Quarters,6500,800,0,7300,22,24,Delivered,4.4
ORD-2026-1869,2026-05-26 12:54:04,Victoria Island,Continental,Club Sandwich,3500,800,0,4300,26,43,Delivered,4.4
ORD-2026-1870,2026-06-25 09:10:14,Ikeja,Local Delicacies,Amala & Abula,4500,1200,0,5700,23,32,Cancelled,
ORD-2026-1871,2026-06-01 12:16:58,Ikeja,Fast Food,Shawarma Special,4500,1200,0,5700,33,28,Delivered,4.7
ORD-2026-1872,2026-05-26 13:56:25,Yaba,Local Delicacies,Pounded Yam & Egusi,4500,1200,500,5200,18,31,Delivered,4.5
ORD-2026-1873,2026-05-25 15:18:10,Yaba,Local Delicacies,Jollof Rice & Fried Chicken,3500,800,0,4300,21,19,Delivered,4.6
ORD-2026-1874,2026-05-13 22:03:46,Victoria Island,Fast Food,Shawarma Special,12000,1200,0,13200,17,29,Delivered,4.0
ORD-2026-1875,2026-05-31 10:00:48,Lekki Phase 1,Local Delicacies,Jollof Rice & Fried Chicken,3500,800,0,4300,26,26,Delivered,4.3
ORD-2026-1876,2026-06-16 22:53:59,Victoria Island,Continental,Chicken Caesar Salad,8000,1500,0,9500,21,22,In Transit,
ORD-2026-1877,2026-06-26 08:45:49,Victoria Island,Continental,Club Sandwich,5000,1200,0,6200,20,29,Delivered,3.5
ORD-2026-1878,2026-05-26 19:19:51,Surulere,Local Delicacies,Fried Plantain & Asun,4500,2000,0,6500,19,37,Delivered,4.4
ORD-2026-1879,2026-06-10 20:32:49,Victoria Island,Continental,Seafood Pasta,8000,800,0,8800,18,29,In Transit,
ORD-2026-1880,2026-06-07 21:31:57,Lekki Phase 1,Fast Food,Shawarma Special,6500,1000,0,7500,29,33,Delivered,3.5
ORD-2026-1881,2026-05-21 16:37:21,Lekki Phase 1,Continental,Chicken Caesar Salad,12000,800,0,12800,21,38,Delivered,4.6
ORD-2026-1882,2026-05-18 20:12:30,Ikeja,Continental,Seafood Pasta,5000,2000,0,7000,15,28,Delivered,4.6
ORD-2026-1883,2026-05-30 20:28:07,Victoria Island,Local Delicacies,Amala & Abula,5000,2000,0,7000,20,19,Delivered,4.2
ORD-2026-1884,2026-06-13 11:32:16,Victoria Island,Fast Food,Beef Burger & Fries,12000,1500,0,13500,22,36,Delivered,4.5
ORD-2026-1885,2026-06-17 09:10:30,Surulere,Fast Food,Crispy Chicken Wings,6500,1000,0,7500,23,33,Delivered,4.1
ORD-2026-1886,2026-05-28 08:15:03,Victoria Island,Local Delicacies,Jollof Rice & Fried Chicken,3500,1500,500,4500,16,20,Delivered,3.7
ORD-2026-1887,2026-06-04 14:25:56,Yaba,Continental,Seafood Pasta,3500,1200,0,4700,19,33,Cancelled,
ORD-2026-1888,2026-05-12 12:17:18,Ikeja,Fast Food,Shawarma Special,5000,1000,0,6000,20,48,Cancelled,
ORD-2026-1889,2026-05-23 20:17:25,Ikeja,Fast Food,Crispy Chicken Wings,12000,1200,0,13200,24,41,Delivered,4.1
ORD-2026-1890,2026-05-06 14:28:58,Victoria Island,Fast Food,Beef Burger & Fries,6500,800,0,7300,20,21,Delivered,3.9
ORD-2026-1891,2026-06-03 10:52:15,Gbagada,Continental,Club Sandwich,12000,1200,0,13200,13,18,Delivered,3.6
ORD-2026-1892,2026-05-02 22:12:41,Lekki Phase 1,Continental,Seafood Pasta,5000,1200,0,6200,20,33,Delivered,4.7
ORD-2026-1893,2026-05-08 11:46:29,Victoria Island,Continental,Chicken Caesar Salad,12000,1200,0,13200,22,43,Delivered,3.8
ORD-2026-1894,2026-05-01 12:58:19,Gbagada,Local Delicacies,Pounded Yam & Egusi,5000,1500,0,6500,14,42,Delivered,4.8
ORD-2026-1895,2026-05-24 15:21:43,Ikeja,Local Delicacies,Jollof Rice & Fried Chicken,6500,1200,0,7700,24,30,Delivered,3.7
ORD-2026-1896,2026-05-09 11:36:27,Yaba,Local Delicacies,Pounded Yam & Egusi,3500,800,0,4300,18,32,Delivered,4.6
ORD-2026-1897,2026-05-28 14:20:23,Yaba,Fast Food,Crispy Chicken Wings,8000,800,0,8800,10,35,In Transit,
ORD-2026-1898,2026-06-11 13:54:07,Lekki Phase 1,Grills & Suya,Grilled Catfish,6500,1500,0,8000,19,30,Delivered,3.8
ORD-2026-1899,2026-06-17 19:26:56,Lekki Phase 1,Local Delicacies,Amala & Abula,5000,1200,0,6200,17,25,Delivered,4.4
ORD-2026-1900,2026-05-29 19:44:09,Yaba,Local Delicacies,Pounded Yam & Egusi,4500,1500,0,6000,13,20,Delivered,4.7
ORD-2026-1901,2026-06-05 21:26:33,Yaba,Grills & Suya,Spicy Beef Suya,5000,800,0,5800,14,35,Delivered,3.5
ORD-2026-1902,2026-06-20 12:28:06,Lekki Phase 1,Local Delicacies,Jollof Rice & Fried Chicken,4500,2000,0,6500,26,46,Delivered,3.9
ORD-2026-1903,2026-06-18 18:52:29,Lekki Phase 1,Grills & Suya,Grilled Catfish,4500,2000,500,6000,10,36,Delivered,3.8
ORD-2026-1904,2026-06-04 21:26:25,Victoria Island,Fast Food,Shawarma Special,4500,800,0,5300,20,44,Delivered,4.0
ORD-2026-1905,2026-05-14 19:51:28,Victoria Island,Local Delicacies,Fried Plantain & Asun,4500,1200,0,5700,23,22,Delivered,4.2
ORD-2026-1906,2026-05-20 13:03:00,Victoria Island,Fast Food,Crispy Chicken Wings,3500,800,0,4300,23,39,Delivered,4.1
ORD-2026-1907,2026-06-19 09:44:19,Lekki Phase 1,Grills & Suya,Grilled Catfish,3500,800,0,4300,10,53,Delivered,3.8
ORD-2026-1908,2026-06-21 14:10:40,Lekki Phase 1,Fast Food,Crispy Chicken Wings,4500,2000,500,6000,21,26,Delivered,4.7
ORD-2026-1909,2026-06-10 12:16:21,Victoria Island,Local Delicacies,Pounded Yam & Egusi,8000,2000,0,10000,12,24,Delivered,3.7
ORD-2026-1910,2026-06-03 08:28:03,Surulere,Grills & Suya,Spicy Beef Suya,8000,1000,0,9000,20,33,Delivered,4.4
ORD-2026-1911,2026-05-05 22:50:20,Surulere,Continental,Seafood Pasta,5000,2000,0,7000,30,38,Delivered,4.2
ORD-2026-1912,2026-06-04 14:18:44,Lekki Phase 1,Grills & Suya,Grilled Catfish,5000,2000,0,7000,13,17,Delivered,4.9
ORD-2026-1913,2026-06-29 21:06:25,Yaba,Fast Food,Beef Burger & Fries,4500,800,0,5300,17,15,Delivered,4.0
ORD-2026-1914,2026-06-09 20:03:22,Victoria Island,Grills & Suya,BBQ Chicken Quarters,3500,1500,0,5000,15,34,Cancelled,
ORD-2026-1915,2026-06-11 09:51:44,Surulere,Grills & Suya,BBQ Chicken Quarters,8000,1500,0,9500,24,25,Delivered,4.7
ORD-2026-1916,2026-05-29 14:47:38,Ikeja,Local Delicacies,Pounded Yam & Egusi,3500,1000,0,4500,19,38,Delivered,4.1
ORD-2026-1917,2026-06-15 12:26:03,Gbagada,Local Delicacies,Pounded Yam & Egusi,12000,800,0,12800,15,41,Delivered,3.5
ORD-2026-1918,2026-06-27 15:00:02,Yaba,Fast Food,Crispy Chicken Wings,12000,1000,0,13000,19,18,Delivered,3.6
ORD-2026-1919,2026-06-16 22:35:33,Yaba,Fast Food,Beef Burger & Fries,5000,1200,0,6200,26,27,Delivered,4.4
ORD-2026-1920,2026-05-29 09:03:02,Victoria Island,Grills & Suya,Spicy Beef Suya,4500,1500,0,6000,12,19,Delivered,3.8
ORD-2026-1921,2026-06-03 17:52:55,Surulere,Fast Food,Crispy Chicken Wings,5000,1200,0,6200,20,33,In Transit,
ORD-2026-1922,2026-06-21 19:30:52,Victoria Island,Fast Food,Crispy Chicken Wings,5000,800,0,5800,17,27,Delivered,4.6
ORD-2026-1923,2026-06-10 12:59:53,Lekki Phase 1,Continental,Chicken Caesar Salad,8000,1200,0,9200,15,39,Delivered,3.7
ORD-2026-1924,2026-05-06 13:39:06,Gbagada,Fast Food,Shawarma Special,6500,1500,0,8000,18,38,Delivered,3.8
ORD-2026-1925,2026-06-08 19:19:02,Victoria Island,Local Delicacies,Fried Plantain & Asun,5000,800,0,5800,16,19,Delivered,3.7
ORD-2026-1926,2026-06-20 18:27:11,Surulere,Fast Food,Shawarma Special,4500,1500,0,6000,15,35,Cancelled,
ORD-2026-1927,2026-06-07 11:46:40,Lekki Phase 1,Local Delicacies,Pounded Yam & Egusi,8000,2000,0,10000,12,20,Delivered,3.6
ORD-2026-1928,2026-05-05 09:49:29,Lekki Phase 1,Local Delicacies,Amala & Abula,3500,800,0,4300,24,52,Delivered,4.8
ORD-2026-1929,2026-06-06 10:50:13,Ikeja,Local Delicacies,Jollof Rice & Fried Chicken,6500,1000,0,7500,21,24,Delivered,3.6
ORD-2026-1930,2026-06-26 14:46:53,Lekki Phase 1,Fast Food,Crispy Chicken Wings,12000,2000,0,14000,12,15,Delivered,4.2
ORD-2026-1931,2026-06-05 22:21:20,Gbagada,Grills & Suya,Grilled Catfish,5000,1200,0,6200,26,47,Delivered,3.6
ORD-2026-1932,2026-06-23 12:15:58,Gbagada,Local Delicacies,Fried Plantain & Asun,8000,1000,0,9000,19,37,Delivered,4.9
ORD-2026-1933,2026-06-24 13:31:58,Ikeja,Local Delicacies,Pounded Yam & Egusi,6500,1200,0,7700,10,23,Delivered,3.9
ORD-2026-1934,2026-06-03 08:16:10,Ikeja,Continental,Chicken Caesar Salad,3500,800,500,3800,23,27,Delivered,4.4
ORD-2026-1935,2026-06-01 12:16:03,Ikeja,Local Delicacies,Amala & Abula,8000,1200,0,9200,19,23,Delivered,3.7
ORD-2026-1936,2026-06-17 12:58:20,Lekki Phase 1,Local Delicacies,Pounded Yam & Egusi,3500,800,0,4300,21,45,Delivered,4.1
ORD-2026-1937,2026-06-06 12:24:50,Lekki Phase 1,Local Delicacies,Fried Plantain & Asun,6500,800,0,7300,22,25,Delivered,4.8
ORD-2026-1938,2026-06-05 17:23:01,Yaba,Local Delicacies,Pounded Yam & Egusi,8000,2000,0,10000,19,25,Delivered,4.1
ORD-2026-1939,2026-06-09 21:58:05,Ikeja,Local Delicacies,Fried Plantain & Asun,5000,1000,0,6000,18,41,Delivered,4.3
ORD-2026-1940,2026-05-01 13:38:56,Victoria Island,Grills & Suya,Grilled Catfish,5000,1200,0,6200,20,20,Delivered,3.9
ORD-2026-1941,2026-05-17 12:28:08,Ikeja,Grills & Suya,Spicy Beef Suya,12000,800,0,12800,10,44,Delivered,4.2
ORD-2026-1942,2026-05-13 18:51:52,Lekki Phase 1,Continental,Chicken Caesar Salad,5000,1000,0,6000,16,19,Delivered,4.2
ORD-2026-1943,2026-05-03 12:11:47,Lekki Phase 1,Grills & Suya,Spicy Beef Suya,6500,800,0,7300,22,24,Delivered,4.9
ORD-2026-1944,2026-06-16 12:16:02,Lekki Phase 1,Local Delicacies,Amala & Abula,6500,1200,0,7700,19,52,Delivered,3.7
ORD-2026-1945,2026-05-26 18:17:48,Victoria Island,Local Delicacies,Jollof Rice & Fried Chicken,12000,1200,0,13200,18,37,Delivered,3.8
ORD-2026-1946,2026-05-19 10:39:13,Victoria Island,Grills & Suya,Grilled Catfish,5000,1000,0,6000,14,31,Delivered,4.1
ORD-2026-1947,2026-06-27 13:54:03,Ikeja,Grills & Suya,Grilled Catfish,12000,800,0,12800,21,34,Delivered,4.6
ORD-2026-1948,2026-05-24 10:05:56,Ikeja,Continental,Club Sandwich,12000,1000,0,13000,21,49,Delivered,4.9
ORD-2026-1949,2026-06-02 10:52:00,Victoria Island,Local Delicacies,Fried Plantain & Asun,8000,1500,0,9500,18,31,Delivered,3.9
ORD-2026-1950,2026-05-05 16:39:12,Ikeja,Fast Food,Crispy Chicken Wings,6500,800,0,7300,26,34,Delivered,4.9
ORD-2026-1951,2026-06-17 10:18:11,Ikeja,Local Delicacies,Pounded Yam & Egusi,12000,2000,0,14000,23,15,Delivered,3.9
ORD-2026-1952,2026-05-16 13:24:19,Ikeja,Local Delicacies,Jollof Rice & Fried Chicken,3500,1500,0,5000,15,26,Delivered,4.6
ORD-2026-1953,2026-05-31 21:01:55,Ikeja,Grills & Suya,BBQ Chicken Quarters,3500,1000,0,4500,21,25,Delivered,3.9
ORD-2026-1954,2026-05-22 15:07:06,Yaba,Continental,Chicken Caesar Salad,5000,2000,0,7000,19,40,Delivered,3.7
ORD-2026-1955,2026-05-14 14:49:15,Lekki Phase 1,Local Delicacies,Amala & Abula,12000,1000,0,13000,19,43,Delivered,4.8
ORD-2026-1956,2026-06-24 09:51:15,Lekki Phase 1,Grills & Suya,Grilled Catfish,5000,2000,500,6500,18,45,Delivered,4.9
ORD-2026-1957,2026-05-08 12:11:52,Ikeja,Local Delicacies,Pounded Yam & Egusi,6500,1200,0,7700,19,29,Delivered,3.7
ORD-2026-1958,2026-05-11 18:16:05,Victoria Island,Continental,Seafood Pasta,3500,1000,0,4500,21,30,Delivered,3.5
ORD-2026-1959,2026-06-02 18:13:04,Gbagada,Continental,Chicken Caesar Salad,5000,2000,0,7000,28,15,Delivered,3.7
ORD-2026-1960,2026-06-23 12:49:47,Victoria Island,Continental,Seafood Pasta,5000,800,0,5800,10,41,Delivered,3.9
ORD-2026-1961,2026-06-10 15:58:01,Lekki Phase 1,Grills & Suya,BBQ Chicken Quarters,8000,2000,0,10000,23,20,Delivered,4.7
ORD-2026-1962,2026-05-30 18:32:12,Lekki Phase 1,Fast Food,Crispy Chicken Wings,5000,2000,0,7000,10,37,Delivered,4.9
ORD-2026-1963,2026-05-20 17:22:13,Lekki Phase 1,Fast Food,Shawarma Special,8000,1000,500,8500,23,24,Delivered,4.8
ORD-2026-1964,2026-05-23 20:28:55,Lekki Phase 1,Continental,Chicken Caesar Salad,3500,1200,0,4700,18,29,Delivered,4.4
ORD-2026-1965,2026-05-20 13:09:40,Surulere,Fast Food,Shawarma Special,4500,800,0,5300,17,40,Delivered,3.7
ORD-2026-1966,2026-06-26 20:28:09,Victoria Island,Grills & Suya,BBQ Chicken Quarters,3500,2000,0,5500,14,19,Cancelled,
ORD-2026-1967,2026-05-17 13:04:27,Ikeja,Local Delicacies,Pounded Yam & Egusi,3500,1000,0,4500,22,34,Delivered,3.6
ORD-2026-1968,2026-06-10 09:19:40,Yaba,Local Delicacies,Amala & Abula,3500,1000,1000,3500,14,39,Delivered,4.6
ORD-2026-1969,2026-06-18 18:06:58,Lekki Phase 1,Grills & Suya,BBQ Chicken Quarters,8000,1200,500,8700,26,22,Delivered,3.5
ORD-2026-1970,2026-05-03 12:34:15,Gbagada,Local Delicacies,Fried Plantain & Asun,3500,1200,0,4700,18,36,Cancelled,
ORD-2026-1971,2026-05-02 13:37:21,Yaba,Local Delicacies,Jollof Rice & Fried Chicken,4500,1200,0,5700,23,44,Cancelled,
ORD-2026-1972,2026-05-26 21:26:28,Gbagada,Grills & Suya,Spicy Beef Suya,4500,1500,0,6000,26,26,Delivered,4.5
ORD-2026-1973,2026-06-16 10:40:53,Lekki Phase 1,Fast Food,Beef Burger & Fries,5000,1000,0,6000,29,39,Delivered,4.8
ORD-2026-1974,2026-05-20 18:34:46,Ikeja,Fast Food,Beef Burger & Fries,5000,2000,0,7000,17,23,Delivered,4.1
ORD-2026-1975,2026-05-02 13:21:02,Surulere,Fast Food,Crispy Chicken Wings,6500,1000,0,7500,19,56,Delivered,4.9
ORD-2026-1976,2026-05-06 13:08:32,Lekki Phase 1,Fast Food,Beef Burger & Fries,6500,1200,1000,6700,20,37,Delivered,4.0
ORD-2026-1977,2026-06-01 12:58:35,Ikeja,Fast Food,Shawarma Special,4500,1000,0,5500,15,21,Delivered,4.4
ORD-2026-1978,2026-06-28 19:03:00,Lekki Phase 1,Fast Food,Beef Burger & Fries,12000,1200,0,13200,10,15,Delivered,3.8
ORD-2026-1979,2026-05-19 13:52:14,Lekki Phase 1,Local Delicacies,Jollof Rice & Fried Chicken,6500,2000,0,8500,14,35,Delivered,3.7
ORD-2026-1980,2026-06-28 22:20:58,Victoria Island,Local Delicacies,Pounded Yam & Egusi,5000,1500,0,6500,27,24,Delivered,3.8
ORD-2026-1981,2026-06-25 13:29:24,Surulere,Fast Food,Crispy Chicken Wings,3500,800,0,4300,19,36,Delivered,4.2
ORD-2026-1982,2026-06-14 12:44:03,Victoria Island,Grills & Suya,Grilled Catfish,5000,800,0,5800,20,18,Delivered,4.8
ORD-2026-1983,2026-05-07 18:18:00,Victoria Island,Local Delicacies,Jollof Rice & Fried Chicken,6500,1500,0,8000,27,21,Delivered,4.4
ORD-2026-1984,2026-05-10 19:45:41,Ikeja,Continental,Chicken Caesar Salad,4500,1500,0,6000,15,44,Delivered,4.3
ORD-2026-1985,2026-06-01 22:37:16,Gbagada,Local Delicacies,Pounded Yam & Egusi,6500,1200,0,7700,10,21,Delivered,4.7
ORD-2026-1986,2026-05-10 20:49:34,Ikeja,Local Delicacies,Fried Plantain & Asun,12000,2000,0,14000,14,40,Delivered,4.2
ORD-2026-1987,2026-06-21 17:24:27,Lekki Phase 1,Local Delicacies,Pounded Yam & Egusi,3500,1200,0,4700,19,27,Delivered,3.7
ORD-2026-1988,2026-06-16 19:58:08,Ikeja,Fast Food,Shawarma Special,6500,1500,0,8000,16,38,Delivered,3.9
ORD-2026-1989,2026-05-27 18:16:42,Ikeja,Local Delicacies,Pounded Yam & Egusi,3500,1000,0,4500,14,23,Delivered,4.5
ORD-2026-1990,2026-06-26 09:19:44,Victoria Island,Local Delicacies,Pounded Yam & Egusi,12000,1000,0,13000,35,50,Delivered,3.6
ORD-2026-1991,2026-06-09 15:22:46,Gbagada,Fast Food,Shawarma Special,5000,800,0,5800,21,31,Delivered,4.8
ORD-2026-1992,2026-06-01 22:32:56,Surulere,Fast Food,Shawarma Special,5000,800,0,5800,21,29,Delivered,4.2
ORD-2026-1993,2026-06-15 13:39:10,Lekki Phase 1,Local Delicacies,Pounded Yam & Egusi,8000,2000,0,10000,17,31,Delivered,4.7
ORD-2026-1994,2026-06-19 09:32:10,Ikeja,Continental,Club Sandwich,12000,800,0,12800,10,52,Delivered,5.0
ORD-2026-1995,2026-05-16 21:09:17,Lekki Phase 1,Fast Food,Shawarma Special,3500,1000,0,4500,23,44,Delivered,4.2
ORD-2026-1996,2026-06-07 18:58:12,Surulere,Grills & Suya,BBQ Chicken Quarters,4500,1500,0,6000,16,19,Delivered,3.6
ORD-2026-1997,2026-06-25 13:37:00,Gbagada,Local Delicacies,Jollof Rice & Fried Chicken,6500,1200,0,7700,17,28,Delivered,4.6
ORD-2026-1998,2026-06-24 16:07:50,Gbagada,Local Delicacies,Amala & Abula,12000,1200,0,13200,28,43,Delivered,4.6
ORD-2026-1999,2026-06-15 12:05:42,Lekki Phase 1,Fast Food,Shawarma Special,5000,2000,0,7000,19,36,Delivered,3.8
ORD-2026-2000,2026-05-25 18:27:32,Yaba,Grills & Suya,Grilled Catfish,6500,800,0,7300,17,50,In Transit,
ORD-2026-2001,2026-06-23 09:55:58,Ikeja,Grills & Suya,Spicy Beef Suya,8000,1500,0,9500,18,40,Cancelled,
ORD-2026-2002,2026-05-21 13:42:58,Ikeja,Local Delicacies,Amala & Abula,5000,1000,0,6000,15,41,Cancelled,
ORD-2026-2003,2026-06-29 22:35:49,Ikeja,Grills & Suya,Grilled Catfish,3500,1500,0,5000,17,24,Delivered,3.8
ORD-2026-2004,2026-06-29 21:27:17,Ikeja,Fast Food,Crispy Chicken Wings,3500,800,0,4300,27,45,Delivered,4.2
ORD-2026-2005,2026-06-03 14:57:56,Victoria Island,Local Delicacies,Jollof Rice & Fried Chicken,8000,800,0,8800,23,42,Delivered,3.5
ORD-2026-2006,2026-05-13 21:42:53,Victoria Island,Grills & Suya,BBQ Chicken Quarters,5000,800,0,5800,19,21,Delivered,3.7
ORD-2026-2007,2026-05-24 17:00:54,Ikeja,Local Delicacies,Jollof Rice & Fried Chicken,6500,800,0,7300,16,54,Delivered,4.6
ORD-2026-2008,2026-05-03 13:56:00,Ikeja,Local Delicacies,Pounded Yam & Egusi,4500,2000,0,6500,20,33,Delivered,5.0
ORD-2026-2009,2026-06-07 19:04:48,Surulere,Local Delicacies,Fried Plantain & Asun,12000,1000,0,13000,16,24,Cancelled,
ORD-2026-2010,2026-05-10 09:06:02,Victoria Island,Continental,Chicken Caesar Salad,4500,1500,1000,5000,23,43,Delivered,4.4
ORD-2026-2011,2026-06-14 10:34:03,Yaba,Local Delicacies,Jollof Rice & Fried Chicken,6500,1000,0,7500,15,21,Delivered,4.1
ORD-2026-2012,2026-05-05 18:59:26,Gbagada,Local Delicacies,Jollof Rice & Fried Chicken,5000,1000,0,6000,21,46,Delivered,4.9
ORD-2026-2013,2026-06-25 12:20:57,Ikeja,Local Delicacies,Amala & Abula,5000,1500,0,6500,17,45,Delivered,4.7
ORD-2026-2014,2026-06-21 15:54:45,Lekki Phase 1,Fast Food,Crispy Chicken Wings,3500,1200,0,4700,16,30,Delivered,4.8
ORD-2026-2015,2026-06-01 15:35:45,Yaba,Fast Food,Beef Burger & Fries,5000,1200,0,6200,18,35,Delivered,3.7
ORD-2026-2016,2026-06-11 13:38:15,Ikeja,Fast Food,Shawarma Special,6500,2000,0,8500,16,33,Delivered,4.3
ORD-2026-2017,2026-06-02 19:08:05,Ikeja,Local Delicacies,Jollof Rice & Fried Chicken,6500,1500,0,8000,14,56,Delivered,4.3
ORD-2026-2018,2026-06-20 17:21:40,Ikeja,Grills & Suya,BBQ Chicken Quarters,4500,800,0,5300,19,16,Delivered,3.8
ORD-2026-2019,2026-06-23 17:16:11,Ikeja,Local Delicacies,Pounded Yam & Egusi,6500,2000,0,8500,17,15,Delivered,4.4
ORD-2026-2020,2026-05-23 20:56:21,Ikeja,Local Delicacies,Amala & Abula,5000,1000,0,6000,21,36,Delivered,4.8
ORD-2026-2021,2026-05-09 19:22:12,Lekki Phase 1,Local Delicacies,Amala & Abula,4500,1200,500,5200,22,34,Delivered,4.1
ORD-2026-2022,2026-06-01 17:47:22,Ikeja,Local Delicacies,Pounded Yam & Egusi,4500,2000,1000,5500,17,33,Delivered,5.0
ORD-2026-2023,2026-06-14 19:01:36,Yaba,Grills & Suya,Spicy Beef Suya,8000,1200,0,9200,23,46,Delivered,4.3
ORD-2026-2024,2026-05-06 16:21:53,Victoria Island,Fast Food,Beef Burger & Fries,4500,1000,1000,4500,15,28,Delivered,4.3
ORD-2026-2025,2026-06-02 20:42:31,Ikeja,Local Delicacies,Amala & Abula,8000,1200,500,8700,17,38,Delivered,3.8
ORD-2026-2026,2026-06-11 09:09:46,Lekki Phase 1,Local Delicacies,Pounded Yam & Egusi,5000,1200,0,6200,26,29,Delivered,4.0
ORD-2026-2027,2026-06-29 13:08:41,Lekki Phase 1,Grills & Suya,Spicy Beef Suya,3500,1200,0,4700,22,37,Cancelled,
ORD-2026-2028,2026-05-28 21:54:46,Ikeja,Continental,Club Sandwich,3500,800,0,4300,18,31,Delivered,3.8
ORD-2026-2029,2026-06-23 20:14:27,Lekki Phase 1,Fast Food,Beef Burger & Fries,6500,2000,0,8500,19,20,Delivered,4.1
ORD-2026-2030,2026-05-24 19:08:46,Lekki Phase 1,Grills & Suya,BBQ Chicken Quarters,8000,1500,0,9500,21,25,Delivered,4.5
ORD-2026-2031,2026-06-02 14:02:09,Victoria Island,Local Delicacies,Fried Plantain & Asun,8000,800,500,8300,13,43,Delivered,4.8
ORD-2026-2032,2026-06-09 08:28:49,Lekki Phase 1,Fast Food,Crispy Chicken Wings,5000,1200,0,6200,21,29,Delivered,3.9
ORD-2026-2033,2026-06-03 20:00:33,Lekki Phase 1,Fast Food,Shawarma Special,12000,800,0,12800,22,41,Delivered,4.0
ORD-2026-2034,2026-05-29 19:47:48,Ikeja,Local Delicacies,Amala & Abula,3500,800,0,4300,25,36,Delivered,4.0
ORD-2026-2035,2026-06-22 19:38:23,Gbagada,Fast Food,Beef Burger & Fries,5000,1000,0,6000,18,33,Delivered,5.0
ORD-2026-2036,2026-05-26 19:04:25,Surulere,Local Delicacies,Pounded Yam & Egusi,4500,800,0,5300,21,30,In Transit,
ORD-2026-2037,2026-06-18 09:48:38,Yaba,Fast Food,Shawarma Special,6500,1000,0,7500,13,31,Delivered,4.0
ORD-2026-2038,2026-06-22 16:16:42,Surulere,Local Delicacies,Jollof Rice & Fried Chicken,5000,1000,0,6000,25,45,Delivered,4.8
ORD-2026-2039,2026-05-25 10:14:28,Lekki Phase 1,Local Delicacies,Fried Plantain & Asun,12000,2000,0,14000,13,20,Delivered,4.2
ORD-2026-2040,2026-06-22 13:59:15,Victoria Island,Local Delicacies,Jollof Rice & Fried Chicken,5000,2000,0,7000,21,38,Delivered,4.5
ORD-2026-2041,2026-05-25 08:55:55,Victoria Island,Local Delicacies,Amala & Abula,4500,1200,0,5700,16,20,Delivered,4.9
ORD-2026-2042,2026-05-01 20:15:40,Yaba,Fast Food,Beef Burger & Fries,12000,2000,0,14000,10,42,Delivered,4.2
ORD-2026-2043,2026-06-20 20:40:06,Surulere,Fast Food,Shawarma Special,6500,1500,0,8000,16,45,Delivered,3.7
ORD-2026-2044,2026-05-14 14:01:40,Victoria Island,Local Delicacies,Fried Plantain & Asun,6500,1200,0,7700,25,34,Delivered,4.7
ORD-2026-2045,2026-06-14 14:52:45,Ikeja,Local Delicacies,Pounded Yam & Egusi,4500,1500,0,6000,20,45,Delivered,4.6
ORD-2026-2046,2026-05-30 13:50:47,Ikeja,Grills & Suya,BBQ Chicken Quarters,5000,1500,0,6500,18,24,Delivered,4.7
ORD-2026-2047,2026-05-02 20:05:11,Victoria Island,Local Delicacies,Fried Plantain & Asun,4500,1000,0,5500,10,46,Delivered,4.5
ORD-2026-2048,2026-06-16 18:14:27,Lekki Phase 1,Local Delicacies,Amala & Abula,4500,1500,0,6000,17,33,Delivered,4.0
ORD-2026-2049,2026-06-21 19:17:01,Victoria Island,Local Delicacies,Fried Plantain & Asun,3500,1200,0,4700,25,19,Delivered,4.0
ORD-2026-2050,2026-05-13 17:19:28,Lekki Phase 1,Continental,Seafood Pasta,6500,800,0,7300,22,25,Delivered,3.5
ORD-2026-2051,2026-06-28 14:18:02,Ikeja,Grills & Suya,Grilled Catfish,12000,1000,0,13000,26,38,Delivered,3.7
ORD-2026-2052,2026-06-23 22:58:54,Lekki Phase 1,Fast Food,Shawarma Special,5000,1200,0,6200,25,34,Delivered,3.7
ORD-2026-2053,2026-05-04 18:10:57,Ikeja,Grills & Suya,Grilled Catfish,3500,2000,0,5500,24,36,Delivered,4.1
ORD-2026-2054,2026-05-31 10:29:42,Gbagada,Local Delicacies,Jollof Rice & Fried Chicken,12000,2000,0,14000,21,19,Cancelled,
ORD-2026-2055,2026-05-02 08:08:27,Lekki Phase 1,Fast Food,Beef Burger & Fries,12000,800,0,12800,19,31,Delivered,4.8
ORD-2026-2056,2026-05-31 15:55:14,Gbagada,Grills & Suya,BBQ Chicken Quarters,4500,800,500,4800,20,44,Delivered,4.0
ORD-2026-2057,2026-06-17 12:57:57,Lekki Phase 1,Grills & Suya,BBQ Chicken Quarters,12000,1200,0,13200,23,32,Delivered,3.8
ORD-2026-2058,2026-06-06 20:38:31,Victoria Island,Grills & Suya,Grilled Catfish,8000,800,0,8800,22,44,In Transit,
ORD-2026-2059,2026-06-27 10:36:18,Lekki Phase 1,Fast Food,Shawarma Special,4500,1500,0,6000,10,15,Delivered,3.5
ORD-2026-2060,2026-06-13 17:27:08,Victoria Island,Local Delicacies,Fried Plantain & Asun,6500,2000,0,8500,15,32,Delivered,4.5
ORD-2026-2061,2026-05-28 13:16:15,Victoria Island,Grills & Suya,Spicy Beef Suya,4500,1000,0,5500,16,19,Delivered,4.3
ORD-2026-2062,2026-05-23 19:25:35,Gbagada,Grills & Suya,Grilled Catfish,5000,800,0,5800,17,20,Delivered,4.8
ORD-2026-2063,2026-06-11 20:41:11,Lekki Phase 1,Local Delicacies,Amala & Abula,5000,800,0,5800,16,41,Delivered,4.8
ORD-2026-2064,2026-06-11 14:53:15,Victoria Island,Fast Food,Beef Burger & Fries,6500,800,0,7300,14,37,Delivered,4.6
ORD-2026-2065,2026-05-08 12:39:44,Ikeja,Fast Food,Shawarma Special,12000,1200,0,13200,20,30,Delivered,3.7
ORD-2026-2066,2026-06-28 16:11:09,Surulere,Local Delicacies,Jollof Rice & Fried Chicken,6500,1500,500,7500,17,40,Delivered,4.2
ORD-2026-2067,2026-06-13 22:16:25,Lekki Phase 1,Grills & Suya,BBQ Chicken Quarters,6500,1200,0,7700,22,18,Delivered,4.2
ORD-2026-2068,2026-05-02 14:25:22,Surulere,Local Delicacies,Fried Plantain & Asun,4500,1000,0,5500,19,33,Delivered,3.7
ORD-2026-2069,2026-05-18 08:37:56,Ikeja,Local Delicacies,Fried Plantain & Asun,4500,1000,0,5500,17,35,Delivered,3.9
ORD-2026-2070,2026-06-16 14:29:00,Victoria Island,Grills & Suya,Spicy Beef Suya,4500,1500,0,6000,17,47,Delivered,4.3
ORD-2026-2071,2026-05-30 18:20:57,Yaba,Continental,Seafood Pasta,12000,1500,0,13500,19,42,Delivered,4.1
ORD-2026-2072,2026-06-15 18:06:21,Ikeja,Fast Food,Crispy Chicken Wings,12000,1000,500,12500,23,37,Delivered,4.5
ORD-2026-2073,2026-05-10 17:14:03,Lekki Phase 1,Local Delicacies,Amala & Abula,3500,1500,1000,4000,19,28,Delivered,4.0
ORD-2026-2074,2026-06-01 16:23:19,Victoria Island,Local Delicacies,Amala & Abula,8000,2000,0,10000,15,31,Delivered,4.5
ORD-2026-2075,2026-06-27 11:32:27,Ikeja,Fast Food,Shawarma Special,5000,1500,0,6500,20,22,Delivered,4.5
ORD-2026-2076,2026-05-08 21:21:05,Surulere,Local Delicacies,Amala & Abula,3500,2000,0,5500,23,31,Delivered,4.8
ORD-2026-2077,2026-05-21 17:04:59,Lekki Phase 1,Local Delicacies,Pounded Yam & Egusi,12000,2000,0,14000,34,42,Delivered,3.8
ORD-2026-2078,2026-06-25 22:05:24,Lekki Phase 1,Grills & Suya,Spicy Beef Suya,3500,800,0,4300,13,37,Delivered,5.0
ORD-2026-2079,2026-06-25 21:28:06,Victoria Island,Local Delicacies,Pounded Yam & Egusi,12000,1000,0,13000,28,34,Delivered,3.6
ORD-2026-2080,2026-06-09 09:01:07,Ikeja,Local Delicacies,Amala & Abula,5000,1200,0,6200,19,34,Delivered,4.6
ORD-2026-2081,2026-05-11 15:37:47,Surulere,Fast Food,Beef Burger & Fries,3500,2000,0,5500,10,39,Delivered,4.5
ORD-2026-2082,2026-05-27 10:30:26,Ikeja,Continental,Seafood Pasta,8000,1200,0,9200,20,42,Delivered,4.1
ORD-2026-2083,2026-06-01 10:44:26,Lekki Phase 1,Grills & Suya,BBQ Chicken Quarters,5000,1000,0,6000,22,25,Delivered,4.2
ORD-2026-2084,2026-06-04 19:12:48,Victoria Island,Grills & Suya,Grilled Catfish,6500,1200,0,7700,25,33,Delivered,3.5
ORD-2026-2085,2026-06-04 14:20:50,Ikeja,Local Delicacies,Jollof Rice & Fried Chicken,8000,1500,0,9500,14,38,Cancelled,
ORD-2026-2086,2026-06-23 21:59:47,Gbagada,Local Delicacies,Fried Plantain & Asun,6500,1000,0,7500,19,31,Delivered,4.1
ORD-2026-2087,2026-06-22 20:30:13,Victoria Island,Fast Food,Crispy Chicken Wings,6500,1000,0,7500,19,24,Delivered,4.4
ORD-2026-2088,2026-05-24 18:31:54,Lekki Phase 1,Local Delicacies,Pounded Yam & Egusi,12000,2000,0,14000,10,34,Delivered,4.5
ORD-2026-2089,2026-05-15 13:34:02,Ikeja,Fast Food,Shawarma Special,8000,800,0,8800,17,41,Delivered,3.7
ORD-2026-2090,2026-05-16 19:09:18,Lekki Phase 1,Fast Food,Shawarma Special,12000,1000,0,13000,11,32,Cancelled,
ORD-2026-2091,2026-05-25 19:18:42,Lekki Phase 1,Grills & Suya,Grilled Catfish,8000,800,0,8800,17,35,Delivered,4.4
ORD-2026-2092,2026-05-02 10:24:19,Ikeja,Local Delicacies,Pounded Yam & Egusi,4500,1200,0,5700,24,43,Delivered,4.8
ORD-2026-2093,2026-06-17 14:45:33,Gbagada,Local Delicacies,Amala & Abula,8000,2000,0,10000,22,33,Delivered,3.7
ORD-2026-2094,2026-06-24 21:58:04,Ikeja,Continental,Club Sandwich,3500,2000,0,5500,19,29,Delivered,4.4
ORD-2026-2095,2026-06-20 13:03:53,Victoria Island,Local Delicacies,Amala & Abula,6500,800,0,7300,22,20,Delivered,4.0
ORD-2026-2096,2026-06-18 20:24:13,Lekki Phase 1,Fast Food,Beef Burger & Fries,4500,2000,0,6500,21,21,Delivered,3.8
ORD-2026-2097,2026-05-11 15:17:26,Ikeja,Grills & Suya,BBQ Chicken Quarters,4500,1000,0,5500,21,16,Delivered,3.7
ORD-2026-2098,2026-06-24 22:22:10,Ikeja,Grills & Suya,Grilled Catfish,3500,800,0,4300,21,15,Delivered,4.3
ORD-2026-2099,2026-05-21 21:40:58,Gbagada,Local Delicacies,Pounded Yam & Egusi,5000,2000,0,7000,20,44,Delivered,4.4
ORD-2026-2100,2026-05-25 13:21:18,Ikeja,Local Delicacies,Pounded Yam & Egusi,5000,2000,0,7000,26,30,Delivered,3.7
ORD-2026-2101,2026-05-01 18:00:14,Ikeja,Continental,Club Sandwich,3500,2000,0,5500,17,40,Delivered,3.8
ORD-2026-2102,2026-06-09 16:49:46,Lekki Phase 1,Grills & Suya,Grilled Catfish,3500,800,500,3800,17,25,Delivered,4.8
ORD-2026-2103,2026-05-17 16:49:19,Ikeja,Fast Food,Beef Burger & Fries,6500,1200,1000,6700,26,30,Cancelled,
ORD-2026-2104,2026-06-19 17:58:42,Yaba,Local Delicacies,Jollof Rice & Fried Chicken,6500,800,0,7300,16,43,Delivered,4.3
ORD-2026-2105,2026-05-15 16:19:29,Ikeja,Grills & Suya,Spicy Beef Suya,12000,1000,0,13000,22,33,Delivered,3.7
ORD-2026-2106,2026-06-07 13:29:12,Lekki Phase 1,Fast Food,Beef Burger & Fries,4500,800,0,5300,22,23,Delivered,3.6
ORD-2026-2107,2026-05-13 12:37:01,Ikeja,Fast Food,Shawarma Special,5000,1000,0,6000,10,31,Delivered,4.0
ORD-2026-2108,2026-06-05 14:07:43,Gbagada,Continental,Club Sandwich,8000,1200,0,9200,15,35,Delivered,4.1
ORD-2026-2109,2026-06-09 18:07:28,Lekki Phase 1,Continental,Seafood Pasta,8000,1500,0,9500,17,41,Delivered,3.6
ORD-2026-2110,2026-06-09 12:19:51,Gbagada,Local Delicacies,Amala & Abula,3500,1500,0,5000,27,23,Delivered,4.4
ORD-2026-2111,2026-06-24 16:42:06,Gbagada,Grills & Suya,Grilled Catfish,8000,800,0,8800,21,31,Delivered,3.8
ORD-2026-2112,2026-05-16 17:55:47,Yaba,Fast Food,Shawarma Special,3500,1500,0,5000,21,32,In Transit,
ORD-2026-2113,2026-05-27 22:08:34,Ikeja,Fast Food,Beef Burger & Fries,4500,1000,0,5500,10,31,Delivered,3.5
ORD-2026-2114,2026-06-20 13:16:46,Lekki Phase 1,Local Delicacies,Amala & Abula,4500,1200,0,5700,18,46,Delivered,3.8
ORD-2026-2115,2026-05-31 22:14:30,Victoria Island,Local Delicacies,Pounded Yam & Egusi,12000,2000,0,14000,12,36,Delivered,4.3
ORD-2026-2116,2026-06-22 18:59:38,Victoria Island,Fast Food,Beef Burger & Fries,12000,800,0,12800,19,34,Delivered,3.8
ORD-2026-2117,2026-06-22 08:16:41,Victoria Island,Fast Food,Shawarma Special,8000,800,0,8800,23,33,Delivered,4.5
ORD-2026-2118,2026-05-30 20:10:33,Yaba,Continental,Club Sandwich,3500,1200,500,4200,22,43,Delivered,4.1
ORD-2026-2119,2026-06-19 13:33:58,Victoria Island,Fast Food,Beef Burger & Fries,8000,1000,0,9000,15,27,Delivered,4.7
ORD-2026-2120,2026-05-20 13:31:51,Lekki Phase 1,Local Delicacies,Amala & Abula,3500,1000,0,4500,24,26,Delivered,4.0
ORD-2026-2121,2026-05-15 14:36:56,Lekki Phase 1,Grills & Suya,Spicy Beef Suya,4500,2000,0,6500,18,33,Delivered,3.7
ORD-2026-2122,2026-06-09 18:55:22,Lekki Phase 1,Grills & Suya,Spicy Beef Suya,4500,2000,0,6500,14,38,Delivered,4.5
ORD-2026-2123,2026-06-09 19:29:55,Surulere,Fast Food,Beef Burger & Fries,5000,2000,0,7000,16,34,Delivered,3.6
ORD-2026-2124,2026-06-29 11:48:35,Yaba,Local Delicacies,Fried Plantain & Asun,12000,1500,0,13500,21,34,Cancelled,
ORD-2026-2125,2026-05-13 19:25:21,Ikeja,Local Delicacies,Fried Plantain & Asun,4500,800,0,5300,16,29,Delivered,4.9
ORD-2026-2126,2026-05-04 20:23:55,Yaba,Grills & Suya,BBQ Chicken Quarters,6500,800,0,7300,23,37,Delivered,4.6
ORD-2026-2127,2026-05-23 21:54:10,Surulere,Local Delicacies,Pounded Yam & Egusi,4500,1500,0,6000,15,35,Delivered,4.3
ORD-2026-2128,2026-05-28 20:04:37,Gbagada,Local Delicacies,Pounded Yam & Egusi,3500,1000,0,4500,24,44,Delivered,4.8
ORD-2026-2129,2026-05-10 20:23:34,Ikeja,Local Delicacies,Amala & Abula,5000,800,0,5800,26,27,Delivered,4.2
ORD-2026-2130,2026-06-13 20:22:16,Ikeja,Local Delicacies,Jollof Rice & Fried Chicken,8000,2000,0,10000,20,36,Delivered,4.9
ORD-2026-2131,2026-05-01 21:41:56,Victoria Island,Grills & Suya,Grilled Catfish,6500,800,0,7300,22,38,Delivered,4.0
ORD-2026-2132,2026-06-24 13:08:21,Victoria Island,Local Delicacies,Jollof Rice & Fried Chicken,12000,1500,0,13500,16,15,Delivered,3.5
ORD-2026-2133,2026-05-13 13:50:11,Gbagada,Local Delicacies,Pounded Yam & Egusi,12000,1200,0,13200,17,21,Delivered,5.0
ORD-2026-2134,2026-06-09 09:14:14,Surulere,Continental,Seafood Pasta,6500,2000,0,8500,17,31,Delivered,4.9
ORD-2026-2135,2026-06-24 08:31:08,Gbagada,Local Delicacies,Fried Plantain & Asun,8000,1500,0,9500,24,46,Delivered,3.9
ORD-2026-2136,2026-06-09 14:20:17,Ikeja,Grills & Suya,Grilled Catfish,8000,800,0,8800,19,29,Delivered,4.9
ORD-2026-2137,2026-05-13 17:11:43,Surulere,Continental,Seafood Pasta,8000,1500,0,9500,16,41,Delivered,3.8
ORD-2026-2138,2026-06-07 17:56:34,Victoria Island,Local Delicacies,Amala & Abula,12000,2000,0,14000,29,28,Cancelled,
ORD-2026-2139,2026-06-17 21:38:03,Ikeja,Fast Food,Crispy Chicken Wings,6500,1200,0,7700,19,42,Delivered,4.8
ORD-2026-2140,2026-06-28 16:39:12,Gbagada,Fast Food,Crispy Chicken Wings,6500,800,0,7300,16,36,Delivered,3.5
ORD-2026-2141,2026-06-14 15:05:18,Victoria Island,Local Delicacies,Amala & Abula,6500,800,0,7300,16,41,Delivered,4.9
ORD-2026-2142,2026-05-13 13:13:30,Victoria Island,Grills & Suya,Grilled Catfish,4500,2000,0,6500,30,52,Delivered,3.9
ORD-2026-2143,2026-06-23 21:07:24,Lekki Phase 1,Grills & Suya,Spicy Beef Suya,6500,1200,0,7700,10,22,Delivered,3.9
ORD-2026-2144,2026-05-13 16:37:55,Gbagada,Fast Food,Shawarma Special,8000,1500,0,9500,25,20,Delivered,4.1
ORD-2026-2145,2026-05-28 14:27:02,Surulere,Local Delicacies,Amala & Abula,8000,2000,0,10000,20,30,Delivered,4.8
ORD-2026-2146,2026-06-14 20:31:37,Yaba,Fast Food,Beef Burger & Fries,6500,1000,0,7500,31,47,Delivered,4.5
ORD-2026-2147,2026-05-08 20:56:05,Lekki Phase 1,Local Delicacies,Jollof Rice & Fried Chicken,8000,800,0,8800,24,25,Delivered,4.1
ORD-2026-2148,2026-05-14 13:02:58,Gbagada,Local Delicacies,Pounded Yam & Egusi,8000,800,0,8800,10,33,Delivered,4.7
ORD-2026-2149,2026-05-12 21:28:04,Victoria Island,Local Delicacies,Pounded Yam & Egusi,5000,1000,0,6000,14,41,Delivered,4.9
ORD-2026-2150,2026-06-21 08:30:20,Yaba,Local Delicacies,Jollof Rice & Fried Chicken,12000,1000,0,13000,14,38,In Transit,
ORD-2026-2151,2026-06-27 21:21:03,Lekki Phase 1,Fast Food,Shawarma Special,3500,1200,0,4700,16,43,Delivered,3.9
ORD-2026-2152,2026-05-13 13:49:48,Victoria Island,Fast Food,Crispy Chicken Wings,5000,800,0,5800,17,37,Cancelled,
ORD-2026-2153,2026-05-20 12:53:35,Lekki Phase 1,Continental,Seafood Pasta,12000,1200,0,13200,23,34,Delivered,3.6
ORD-2026-2154,2026-06-02 19:16:23,Yaba,Fast Food,Beef Burger & Fries,3500,1000,0,4500,20,39,Delivered,3.8
ORD-2026-2155,2026-06-27 14:44:22,Surulere,Fast Food,Shawarma Special,3500,1500,0,5000,13,29,Delivered,4.7
ORD-2026-2156,2026-06-15 14:25:46,Gbagada,Local Delicacies,Jollof Rice & Fried Chicken,4500,2000,0,6500,16,47,Delivered,4.1
ORD-2026-2157,2026-06-28 19:48:27,Yaba,Continental,Club Sandwich,12000,2000,0,14000,18,46,Delivered,3.6
ORD-2026-2158,2026-05-25 17:01:53,Lekki Phase 1,Fast Food,Shawarma Special,5000,800,0,5800,13,43,Delivered,3.5
ORD-2026-2159,2026-05-18 20:38:12,Ikeja,Local Delicacies,Fried Plantain & Asun,3500,1500,0,5000,22,23,Delivered,4.3
ORD-2026-2160,2026-06-01 20:29:17,Lekki Phase 1,Local Delicacies,Amala & Abula,4500,800,0,5300,18,41,Delivered,3.8
ORD-2026-2161,2026-05-13 16:20:47,Victoria Island,Continental,Seafood Pasta,4500,1000,0,5500,28,23,Delivered,3.9
ORD-2026-2162,2026-06-24 14:51:14,Lekki Phase 1,Local Delicacies,Jollof Rice & Fried Chicken,4500,800,0,5300,17,38,Delivered,4.0
ORD-2026-2163,2026-05-09 18:30:52,Surulere,Local Delicacies,Jollof Rice & Fried Chicken,6500,2000,0,8500,17,39,Delivered,3.5
ORD-2026-2164,2026-05-23 20:32:56,Victoria Island,Continental,Seafood Pasta,12000,1200,0,13200,15,47,Delivered,4.8
ORD-2026-2165,2026-06-21 17:00:43,Yaba,Grills & Suya,Grilled Catfish,3500,1200,0,4700,17,23,Delivered,4.8
ORD-2026-2166,2026-06-04 22:08:31,Ikeja,Grills & Suya,Grilled Catfish,6500,2000,0,8500,20,31,Delivered,4.2
ORD-2026-2167,2026-05-15 19:13:56,Ikeja,Grills & Suya,BBQ Chicken Quarters,5000,800,0,5800,23,36,Delivered,4.0
ORD-2026-2168,2026-06-26 14:11:00,Ikeja,Fast Food,Crispy Chicken Wings,5000,1000,0,6000,32,48,Delivered,4.1
ORD-2026-2169,2026-06-12 16:50:10,Lekki Phase 1,Local Delicacies,Pounded Yam & Egusi,5000,1000,0,6000,17,34,Delivered,3.6
ORD-2026-2170,2026-06-08 12:32:31,Gbagada,Fast Food,Beef Burger & Fries,6500,1500,0,8000,18,43,Delivered,3.6
ORD-2026-2171,2026-06-27 15:39:22,Victoria Island,Fast Food,Crispy Chicken Wings,6500,1000,0,7500,10,35,Delivered,4.6
ORD-2026-2172,2026-06-25 13:37:36,Ikeja,Fast Food,Shawarma Special,12000,800,500,12300,20,29,Delivered,4.4
ORD-2026-2173,2026-06-14 16:07:40,Lekki Phase 1,Local Delicacies,Pounded Yam & Egusi,12000,1500,0,13500,18,29,Delivered,3.9
ORD-2026-2174,2026-06-18 14:23:48,Ikeja,Local Delicacies,Fried Plantain & Asun,8000,800,0,8800,15,26,Cancelled,
ORD-2026-2175,2026-05-21 17:39:18,Lekki Phase 1,Local Delicacies,Fried Plantain & Asun,3500,1500,0,5000,22,19,Delivered,4.7
ORD-2026-2176,2026-06-08 12:05:18,Surulere,Continental,Chicken Caesar Salad,8000,2000,0,10000,20,34,Delivered,4.1
ORD-2026-2177,2026-06-25 13:37:54,Ikeja,Local Delicacies,Pounded Yam & Egusi,4500,1200,0,5700,25,15,Delivered,4.6
ORD-2026-2178,2026-06-06 11:21:25,Victoria Island,Local Delicacies,Amala & Abula,4500,1000,0,5500,23,23,Delivered,4.7
ORD-2026-2179,2026-06-18 13:12:51,Gbagada,Local Delicacies,Jollof Rice & Fried Chicken,5000,800,0,5800,17,51,Delivered,3.8
ORD-2026-2180,2026-06-27 08:35:54,Lekki Phase 1,Grills & Suya,Spicy Beef Suya,6500,1000,0,7500,23,38,Delivered,4.9
ORD-2026-2181,2026-06-29 09:59:34,Victoria Island,Grills & Suya,Spicy Beef Suya,12000,2000,0,14000,18,31,Delivered,4.8
ORD-2026-2182,2026-06-15 14:27:00,Surulere,Fast Food,Beef Burger & Fries,12000,2000,0,14000,31,41,Delivered,4.9
ORD-2026-2183,2026-06-11 12:11:07,Victoria Island,Continental,Club Sandwich,5000,800,0,5800,22,37,Delivered,3.5
ORD-2026-2184,2026-05-24 18:37:43,Lekki Phase 1,Local Delicacies,Fried Plantain & Asun,8000,1000,0,9000,16,45,Delivered,4.4
ORD-2026-2185,2026-05-27 18:30:23,Victoria Island,Local Delicacies,Pounded Yam & Egusi,12000,800,0,12800,29,33,Delivered,4.2
ORD-2026-2186,2026-06-24 08:33:02,Yaba,Fast Food,Crispy Chicken Wings,12000,1200,0,13200,19,45,Delivered,4.8
ORD-2026-2187,2026-06-27 20:41:08,Lekki Phase 1,Grills & Suya,Spicy Beef Suya,4500,1500,0,6000,11,48,Delivered,4.8
ORD-2026-2188,2026-05-26 13:18:02,Ikeja,Grills & Suya,Spicy Beef Suya,5000,1200,0,6200,27,38,Delivered,4.3
ORD-2026-2189,2026-05-24 09:26:15,Victoria Island,Grills & Suya,Spicy Beef Suya,3500,1200,0,4700,25,30,Delivered,4.8
ORD-2026-2190,2026-06-18 18:40:52,Gbagada,Local Delicacies,Jollof Rice & Fried Chicken,3500,1000,0,4500,19,33,Delivered,4.9
ORD-2026-2191,2026-06-13 13:22:30,Surulere,Grills & Suya,BBQ Chicken Quarters,5000,800,0,5800,20,27,Delivered,3.9
ORD-2026-2192,2026-06-19 17:03:22,Gbagada,Grills & Suya,Spicy Beef Suya,8000,2000,0,10000,24,50,Cancelled,
ORD-2026-2193,2026-06-17 08:53:24,Yaba,Grills & Suya,Grilled Catfish,5000,1000,0,6000,19,39,Delivered,4.2
ORD-2026-2194,2026-05-02 13:20:24,Surulere,Fast Food,Shawarma Special,12000,800,0,12800,15,53,Delivered,4.7
ORD-2026-2195,2026-05-20 16:20:32,Yaba,Grills & Suya,Grilled Catfish,5000,1500,0,6500,10,15,Delivered,4.9
ORD-2026-2196,2026-06-21 21:57:57,Ikeja,Local Delicacies,Fried Plantain & Asun,6500,800,0,7300,16,21,Delivered,4.3
ORD-2026-2197,2026-06-15 20:24:20,Surulere,Local Delicacies,Jollof Rice & Fried Chicken,4500,1000,0,5500,13,44,In Transit,
ORD-2026-2198,2026-05-24 19:05:48,Lekki Phase 1,Local Delicacies,Amala & Abula,4500,1000,500,5000,19,25,Delivered,4.8
ORD-2026-2199,2026-06-12 21:22:03,Gbagada,Fast Food,Crispy Chicken Wings,4500,800,0,5300,22,35,Delivered,3.8
ORD-2026-2200,2026-05-27 11:34:21,Gbagada,Grills & Suya,BBQ Chicken Quarters,5000,1200,0,6200,19,34,Delivered,4.3
ORD-2026-2201,2026-06-09 10:39:49,Victoria Island,Fast Food,Shawarma Special,4500,1000,0,5500,13,41,Delivered,4.7
ORD-2026-2202,2026-05-10 12:07:54,Victoria Island,Local Delicacies,Fried Plantain & Asun,3500,1000,0,4500,28,41,Delivered,5.0
ORD-2026-2203,2026-05-11 15:57:44,Ikeja,Local Delicacies,Amala & Abula,6500,1000,0,7500,16,30,Delivered,4.0
ORD-2026-2204,2026-06-22 14:44:37,Surulere,Fast Food,Crispy Chicken Wings,5000,2000,0,7000,20,41,In Transit,
ORD-2026-2205,2026-05-29 14:47:01,Victoria Island,Grills & Suya,BBQ Chicken Quarters,3500,1200,0,4700,18,41,Delivered,4.3
ORD-2026-2206,2026-05-01 10:29:10,Ikeja,Fast Food,Crispy Chicken Wings,5000,1200,0,6200,20,34,Delivered,4.2
ORD-2026-2207,2026-05-28 21:25:12,Lekki Phase 1,Local Delicacies,Amala & Abula,6500,1500,0,8000,20,37,Delivered,4.4
ORD-2026-2208,2026-06-28 22:53:27,Ikeja,Local Delicacies,Jollof Rice & Fried Chicken,3500,1000,0,4500,23,34,Delivered,4.9
ORD-2026-2209,2026-06-27 17:30:57,Victoria Island,Local Delicacies,Fried Plantain & Asun,12000,800,0,12800,28,31,Delivered,4.4
ORD-2026-2210,2026-05-21 13:54:30,Lekki Phase 1,Local Delicacies,Fried Plantain & Asun,12000,1500,0,13500,17,43,Delivered,4.1
ORD-2026-2211,2026-06-21 12:54:21,Lekki Phase 1,Grills & Suya,Grilled Catfish,3500,1500,1000,4000,18,37,Delivered,4.6
ORD-2026-2212,2026-06-09 08:00:56,Lekki Phase 1,Grills & Suya,BBQ Chicken Quarters,3500,1000,0,4500,20,40,Delivered,4.0
ORD-2026-2213,2026-06-11 19:14:16,Lekki Phase 1,Grills & Suya,Spicy Beef Suya,5000,2000,0,7000,18,36,Delivered,4.8
ORD-2026-2214,2026-05-22 19:15:07,Victoria Island,Fast Food,Shawarma Special,6500,1200,0,7700,13,33,Delivered,5.0
ORD-2026-2215,2026-06-16 20:25:12,Victoria Island,Local Delicacies,Jollof Rice & Fried Chicken,12000,1000,0,13000,21,38,Delivered,4.0
ORD-2026-2216,2026-05-17 22:13:44,Ikeja,Continental,Club Sandwich,3500,1000,0,4500,15,50,Delivered,3.7
ORD-2026-2217,2026-05-06 20:46:07,Surulere,Local Delicacies,Pounded Yam & Egusi,4500,2000,0,6500,20,15,Delivered,4.0
ORD-2026-2218,2026-05-15 10:12:48,Ikeja,Fast Food,Shawarma Special,5000,1500,0,6500,21,36,Delivered,3.8
ORD-2026-2219,2026-05-31 14:59:05,Ikeja,Grills & Suya,Grilled Catfish,3500,1000,0,4500,23,36,Delivered,4.4
ORD-2026-2220,2026-05-05 08:22:24,Lekki Phase 1,Grills & Suya,Spicy Beef Suya,12000,1200,0,13200,24,43,Delivered,4.3
ORD-2026-2221,2026-06-03 19:25:19,Lekki Phase 1,Local Delicacies,Jollof Rice & Fried Chicken,4500,800,0,5300,20,40,In Transit,
ORD-2026-2222,2026-05-06 13:17:03,Ikeja,Fast Food,Crispy Chicken Wings,12000,1500,0,13500,18,44,Delivered,4.1
ORD-2026-2223,2026-05-17 16:12:06,Victoria Island,Local Delicacies,Pounded Yam & Egusi,5000,1500,0,6500,14,19,Cancelled,
ORD-2026-2224,2026-06-13 14:42:46,Ikeja,Local Delicacies,Amala & Abula,3500,1200,0,4700,23,35,Delivered,4.4
ORD-2026-2225,2026-06-13 10:18:19,Victoria Island,Fast Food,Crispy Chicken Wings,6500,1000,0,7500,16,22,Delivered,4.4
ORD-2026-2226,2026-06-05 09:47:43,Ikeja,Grills & Suya,Grilled Catfish,3500,2000,0,5500,10,22,In Transit,
ORD-2026-2227,2026-06-09 19:16:06,Ikeja,Continental,Chicken Caesar Salad,12000,1500,0,13500,13,24,Delivered,4.3
ORD-2026-2228,2026-06-12 10:31:35,Lekki Phase 1,Local Delicacies,Jollof Rice & Fried Chicken,12000,800,0,12800,26,44,Delivered,4.3
ORD-2026-2229,2026-05-13 20:36:47,Lekki Phase 1,Continental,Club Sandwich,6500,800,0,7300,19,41,Delivered,3.6
ORD-2026-2230,2026-05-15 18:39:58,Surulere,Local Delicacies,Jollof Rice & Fried Chicken,5000,2000,0,7000,12,42,Delivered,4.7
ORD-2026-2231,2026-05-16 16:03:44,Lekki Phase 1,Local Delicacies,Amala & Abula,4500,1000,0,5500,17,32,Delivered,4.8
ORD-2026-2232,2026-05-26 19:01:30,Lekki Phase 1,Local Delicacies,Amala & Abula,6500,1500,0,8000,19,43,Delivered,3.7
ORD-2026-2233,2026-05-03 21:42:30,Ikeja,Grills & Suya,BBQ Chicken Quarters,5000,1000,500,5500,13,43,Delivered,3.7
ORD-2026-2234,2026-05-09 13:07:06,Yaba,Fast Food,Crispy Chicken Wings,6500,1200,0,7700,23,60,Delivered,4.6
ORD-2026-2235,2026-06-25 21:41:56,Lekki Phase 1,Local Delicacies,Pounded Yam & Egusi,12000,1000,0,13000,21,46,Delivered,4.2
ORD-2026-2236,2026-05-16 13:37:17,Gbagada,Local Delicacies,Pounded Yam & Egusi,5000,1500,0,6500,27,22,Cancelled,
ORD-2026-2237,2026-06-19 15:38:59,Victoria Island,Continental,Club Sandwich,8000,1000,0,9000,16,32,Delivered,4.0
ORD-2026-2238,2026-06-03 15:22:04,Ikeja,Local Delicacies,Amala & Abula,4500,1200,0,5700,16,34,Cancelled,
ORD-2026-2239,2026-05-30 13:45:43,Victoria Island,Continental,Seafood Pasta,6500,1000,0,7500,19,45,Delivered,4.2
ORD-2026-2240,2026-05-04 16:31:41,Surulere,Fast Food,Shawarma Special,12000,800,0,12800,22,29,Delivered,4.3
ORD-2026-2241,2026-05-18 13:31:08,Victoria Island,Fast Food,Crispy Chicken Wings,12000,1200,500,12700,25,40,Delivered,4.4
ORD-2026-2242,2026-06-06 16:47:55,Ikeja,Continental,Chicken Caesar Salad,5000,1500,0,6500,27,31,Delivered,4.5
ORD-2026-2243,2026-06-28 13:10:42,Victoria Island,Continental,Seafood Pasta,8000,1000,0,9000,18,24,Delivered,4.9
ORD-2026-2244,2026-05-17 17:03:16,Gbagada,Local Delicacies,Fried Plantain & Asun,3500,1200,0,4700,23,43,Delivered,4.9
ORD-2026-2245,2026-06-10 20:55:05,Surulere,Fast Food,Crispy Chicken Wings,5000,1000,1000,5000,17,29,Delivered,4.0
ORD-2026-2246,2026-06-04 11:21:47,Yaba,Local Delicacies,Pounded Yam & Egusi,5000,1000,0,6000,15,37,Delivered,4.2
ORD-2026-2247,2026-06-24 14:41:02,Surulere,Fast Food,Beef Burger & Fries,5000,1500,0,6500,15,54,Delivered,3.6
ORD-2026-2248,2026-05-09 21:13:32,Ikeja,Fast Food,Beef Burger & Fries,8000,1000,0,9000,17,20,Delivered,4.4
ORD-2026-2249,2026-05-18 12:08:22,Ikeja,Local Delicacies,Pounded Yam & Egusi,12000,800,0,12800,12,40,Delivered,3.8
ORD-2026-2250,2026-05-10 21:04:46,Victoria Island,Fast Food,Shawarma Special,6500,800,0,7300,18,47,Cancelled,
ORD-2026-2251,2026-06-21 20:24:27,Lekki Phase 1,Fast Food,Beef Burger & Fries,3500,1500,0,5000,12,32,Delivered,3.5
ORD-2026-2252,2026-06-03 21:24:09,Gbagada,Local Delicacies,Pounded Yam & Egusi,3500,800,0,4300,25,30,Delivered,3.9
ORD-2026-2253,2026-05-14 16:57:29,Surulere,Fast Food,Beef Burger & Fries,5000,800,0,5800,17,29,Delivered,4.8
ORD-2026-2254,2026-06-24 08:13:34,Gbagada,Fast Food,Shawarma Special,8000,1000,0,9000,22,25,Delivered,4.3
ORD-2026-2255,2026-06-21 13:34:10,Ikeja,Grills & Suya,Grilled Catfish,4500,1200,0,5700,17,30,Delivered,4.9
ORD-2026-2256,2026-05-11 16:44:06,Yaba,Local Delicacies,Fried Plantain & Asun,5000,800,0,5800,20,49,Delivered,4.2
ORD-2026-2257,2026-06-24 20:01:11,Gbagada,Grills & Suya,Grilled Catfish,3500,1500,0,5000,15,26,Delivered,4.4
ORD-2026-2258,2026-06-26 20:58:10,Victoria Island,Fast Food,Crispy Chicken Wings,4500,1500,0,6000,22,29,Delivered,4.5
ORD-2026-2259,2026-05-16 13:34:52,Lekki Phase 1,Fast Food,Beef Burger & Fries,8000,800,0,8800,21,23,Delivered,3.6
ORD-2026-2260,2026-06-28 20:56:43,Gbagada,Continental,Chicken Caesar Salad,12000,2000,0,14000,22,46,Delivered,4.9
ORD-2026-2261,2026-06-12 13:11:59,Lekki Phase 1,Local Delicacies,Amala & Abula,3500,1200,0,4700,27,20,Delivered,4.6
ORD-2026-2262,2026-05-13 20:01:25,Yaba,Local Delicacies,Jollof Rice & Fried Chicken,6500,1000,0,7500,27,25,Cancelled,
ORD-2026-2263,2026-06-28 21:07:06,Lekki Phase 1,Fast Food,Beef Burger & Fries,8000,1500,0,9500,26,36,Delivered,4.3
ORD-2026-2264,2026-06-16 21:39:59,Surulere,Grills & Suya,BBQ Chicken Quarters,12000,800,0,12800,17,40,Delivered,4.4
ORD-2026-2265,2026-05-12 14:16:16,Ikeja,Fast Food,Shawarma Special,8000,2000,1000,9000,22,27,Delivered,4.6
ORD-2026-2266,2026-06-25 19:25:15,Victoria Island,Local Delicacies,Pounded Yam & Egusi,3500,1000,0,4500,23,27,Delivered,4.8
ORD-2026-2267,2026-06-05 19:46:11,Surulere,Fast Food,Crispy Chicken Wings,6500,1000,1000,6500,22,34,Delivered,4.0
ORD-2026-2268,2026-06-06 20:09:06,Yaba,Local Delicacies,Pounded Yam & Egusi,6500,2000,0,8500,17,35,Cancelled,
ORD-2026-2269,2026-06-14 15:36:28,Yaba,Local Delicacies,Jollof Rice & Fried Chicken,4500,1500,0,6000,33,37,Delivered,4.5
ORD-2026-2270,2026-05-03 21:45:51,Lekki Phase 1,Fast Food,Beef Burger & Fries,5000,1200,0,6200,20,41,Delivered,4.6
ORD-2026-2271,2026-05-19 19:36:26,Victoria Island,Fast Food,Shawarma Special,3500,1500,0,5000,17,40,Delivered,3.8
ORD-2026-2272,2026-06-24 18:24:05,Ikeja,Fast Food,Beef Burger & Fries,6500,1000,0,7500,30,47,Delivered,4.4
ORD-2026-2273,2026-06-05 13:04:53,Surulere,Grills & Suya,Spicy Beef Suya,5000,1500,0,6500,22,42,Delivered,4.5
ORD-2026-2274,2026-06-05 14:22:33,Yaba,Fast Food,Crispy Chicken Wings,3500,800,0,4300,20,35,In Transit,
ORD-2026-2275,2026-05-13 20:28:35,Victoria Island,Local Delicacies,Amala & Abula,4500,800,0,5300,17,18,Delivered,4.5
ORD-2026-2276,2026-05-22 21:35:08,Yaba,Local Delicacies,Amala & Abula,8000,1200,0,9200,22,18,Delivered,4.3
ORD-2026-2277,2026-06-08 20:05:51,Gbagada,Grills & Suya,Spicy Beef Suya,4500,800,0,5300,26,35,Delivered,4.4
ORD-2026-2278,2026-06-16 11:08:31,Victoria Island,Local Delicacies,Pounded Yam & Egusi,12000,1000,0,13000,22,21,Delivered,3.5
ORD-2026-2279,2026-05-04 19:19:22,Surulere,Grills & Suya,BBQ Chicken Quarters,4500,800,0,5300,18,38,Delivered,4.4
ORD-2026-2280,2026-05-11 13:03:28,Lekki Phase 1,Continental,Seafood Pasta,12000,2000,0,14000,22,36,Delivered,3.6
ORD-2026-2281,2026-06-13 13:08:41,Lekki Phase 1,Fast Food,Shawarma Special,8000,1200,0,9200,15,39,Delivered,4.6
ORD-2026-2282,2026-05-31 10:41:29,Lekki Phase 1,Continental,Club Sandwich,4500,1200,0,5700,17,24,Delivered,3.9
ORD-2026-2283,2026-05-31 08:20:30,Yaba,Fast Food,Beef Burger & Fries,12000,1000,0,13000,20,45,Delivered,3.6
ORD-2026-2284,2026-05-19 22:01:58,Lekki Phase 1,Fast Food,Beef Burger & Fries,3500,1200,0,4700,21,47,Cancelled,
ORD-2026-2285,2026-06-21 13:59:23,Victoria Island,Grills & Suya,Spicy Beef Suya,4500,1500,1000,5000,13,33,Delivered,4.8
ORD-2026-2286,2026-05-17 20:38:52,Surulere,Fast Food,Shawarma Special,5000,2000,0,7000,25,24,Delivered,4.4
ORD-2026-2287,2026-05-31 08:10:54,Victoria Island,Continental,Club Sandwich,12000,1000,500,12500,22,24,Delivered,4.9
ORD-2026-2288,2026-05-21 09:46:49,Ikeja,Fast Food,Crispy Chicken Wings,6500,1500,500,7500,17,42,Delivered,3.9
ORD-2026-2289,2026-05-12 12:10:27,Lekki Phase 1,Grills & Suya,Spicy Beef Suya,8000,800,0,8800,15,36,Delivered,4.0
ORD-2026-2290,2026-06-01 18:52:41,Victoria Island,Fast Food,Crispy Chicken Wings,5000,1000,0,6000,20,32,Delivered,4.7
ORD-2026-2291,2026-05-07 18:43:18,Lekki Phase 1,Grills & Suya,Grilled Catfish,5000,800,0,5800,18,28,Cancelled,
ORD-2026-2292,2026-05-26 13:42:10,Lekki Phase 1,Local Delicacies,Fried Plantain & Asun,6500,1200,0,7700,18,16,Delivered,4.7
ORD-2026-2293,2026-06-14 14:41:26,Lekki Phase 1,Grills & Suya,Spicy Beef Suya,8000,1000,0,9000,17,43,Delivered,4.7
ORD-2026-2294,2026-06-18 08:15:01,Ikeja,Local Delicacies,Amala & Abula,12000,1200,0,13200,13,50,Delivered,4.6
ORD-2026-2295,2026-06-29 18:37:27,Ikeja,Fast Food,Beef Burger & Fries,3500,800,500,3800,14,35,Delivered,3.6
ORD-2026-2296,2026-05-25 13:59:41,Ikeja,Local Delicacies,Fried Plantain & Asun,3500,1000,0,4500,17,35,Delivered,4.2
ORD-2026-2297,2026-06-09 12:53:41,Ikeja,Continental,Seafood Pasta,6500,1200,500,7200,16,26,Delivered,3.6
ORD-2026-2298,2026-06-16 19:21:56,Ikeja,Grills & Suya,BBQ Chicken Quarters,8000,2000,0,10000,18,25,Delivered,4.9
ORD-2026-2299,2026-05-20 10:40:15,Lekki Phase 1,Fast Food,Beef Burger & Fries,4500,2000,0,6500,25,47,Delivered,4.3
ORD-2026-2300,2026-06-03 12:01:11,Surulere,Local Delicacies,Jollof Rice & Fried Chicken,5000,1500,0,6500,27,36,Delivered,4.5
ORD-2026-2301,2026-06-09 13:08:09,Lekki Phase 1,Fast Food,Beef Burger & Fries,3500,2000,0,5500,16,32,Delivered,4.6
ORD-2026-2302,2026-06-01 22:19:38,Surulere,Grills & Suya,Grilled Catfish,4500,1500,0,6000,10,34,Delivered,4.6
ORD-2026-2303,2026-06-29 10:59:35,Lekki Phase 1,Local Delicacies,Pounded Yam & Egusi,5000,1200,0,6200,13,36,Delivered,4.2
ORD-2026-2304,2026-05-24 13:30:56,Victoria Island,Local Delicacies,Amala & Abula,5000,1500,0,6500,18,45,Delivered,4.1
ORD-2026-2305,2026-05-14 21:11:36,Ikeja,Continental,Chicken Caesar Salad,12000,800,0,12800,23,33,Delivered,3.9
ORD-2026-2306,2026-05-28 21:23:20,Lekki Phase 1,Local Delicacies,Pounded Yam & Egusi,12000,1200,0,13200,16,46,Delivered,4.4
ORD-2026-2307,2026-05-10 19:17:23,Victoria Island,Local Delicacies,Pounded Yam & Egusi,8000,1500,0,9500,20,38,Delivered,3.8
ORD-2026-2308,2026-05-14 09:11:21,Victoria Island,Local Delicacies,Jollof Rice & Fried Chicken,5000,1000,0,6000,11,27,Delivered,4.7
ORD-2026-2309,2026-06-25 15:35:21,Gbagada,Fast Food,Shawarma Special,12000,1500,0,13500,22,26,Delivered,4.2
ORD-2026-2310,2026-05-14 15:35:55,Ikeja,Local Delicacies,Pounded Yam & Egusi,12000,1000,0,13000,17,30,Delivered,4.4
ORD-2026-2311,2026-05-25 19:35:19,Gbagada,Local Delicacies,Jollof Rice & Fried Chicken,8000,800,0,8800,22,41,Delivered,4.4
ORD-2026-2312,2026-05-18 21:31:44,Ikeja,Fast Food,Shawarma Special,4500,1000,0,5500,12,31,Delivered,3.9
ORD-2026-2313,2026-06-28 19:03:20,Ikeja,Grills & Suya,Grilled Catfish,8000,1200,0,9200,20,40,Cancelled,
ORD-2026-2314,2026-06-09 21:30:13,Lekki Phase 1,Grills & Suya,Spicy Beef Suya,5000,800,0,5800,23,46,Delivered,4.1
ORD-2026-2315,2026-05-06 08:44:22,Yaba,Continental,Seafood Pasta,12000,2000,0,14000,17,21,Delivered,3.9
ORD-2026-2316,2026-05-14 20:31:14,Victoria Island,Fast Food,Beef Burger & Fries,4500,1000,0,5500,10,26,Delivered,4.7
ORD-2026-2317,2026-06-13 16:46:43,Ikeja,Continental,Club Sandwich,4500,800,0,5300,30,34,Delivered,4.7
ORD-2026-2318,2026-06-03 14:51:22,Victoria Island,Local Delicacies,Pounded Yam & Egusi,6500,1200,0,7700,25,34,Delivered,4.0
ORD-2026-2319,2026-06-09 20:14:42,Ikeja,Local Delicacies,Amala & Abula,6500,2000,0,8500,17,50,Delivered,3.9
ORD-2026-2320,2026-06-02 14:16:27,Lekki Phase 1,Fast Food,Crispy Chicken Wings,5000,1500,0,6500,21,52,Delivered,4.7
ORD-2026-2321,2026-05-19 20:22:31,Ikeja,Grills & Suya,Spicy Beef Suya,6500,2000,0,8500,21,47,Delivered,4.1
ORD-2026-2322,2026-06-09 11:34:04,Victoria Island,Local Delicacies,Fried Plantain & Asun,6500,1000,0,7500,23,31,Delivered,4.6
ORD-2026-2323,2026-05-09 21:24:30,Gbagada,Fast Food,Crispy Chicken Wings,6500,800,0,7300,32,34,Delivered,4.1
ORD-2026-2324,2026-05-22 15:59:26,Lekki Phase 1,Local Delicacies,Amala & Abula,8000,1000,0,9000,21,48,Delivered,4.7
ORD-2026-2325,2026-05-25 12:19:43,Lekki Phase 1,Grills & Suya,BBQ Chicken Quarters,8000,1500,0,9500,16,40,Delivered,3.5
ORD-2026-2326,2026-05-23 21:46:53,Yaba,Fast Food,Crispy Chicken Wings,8000,800,0,8800,11,47,Delivered,4.4
ORD-2026-2327,2026-05-24 20:25:15,Lekki Phase 1,Fast Food,Shawarma Special,6500,1000,0,7500,17,27,Delivered,3.9
ORD-2026-2328,2026-06-04 10:00:57,Ikeja,Grills & Suya,Spicy Beef Suya,8000,1000,0,9000,14,41,Delivered,4.0
ORD-2026-2329,2026-06-22 12:01:28,Ikeja,Fast Food,Crispy Chicken Wings,4500,1000,0,5500,15,30,Delivered,3.6
ORD-2026-2330,2026-05-20 15:47:50,Victoria Island,Local Delicacies,Jollof Rice & Fried Chicken,3500,1200,0,4700,27,33,Delivered,4.6
ORD-2026-2331,2026-06-02 14:04:26,Surulere,Grills & Suya,BBQ Chicken Quarters,8000,800,0,8800,14,39,In Transit,
ORD-2026-2332,2026-06-13 15:19:08,Yaba,Grills & Suya,BBQ Chicken Quarters,4500,1200,0,5700,13,44,Delivered,3.7
ORD-2026-2333,2026-06-08 16:18:37,Lekki Phase 1,Local Delicacies,Jollof Rice & Fried Chicken,5000,1000,0,6000,14,36,Delivered,4.2
ORD-2026-2334,2026-05-27 19:12:59,Gbagada,Local Delicacies,Fried Plantain & Asun,6500,1000,0,7500,18,34,Delivered,3.5
ORD-2026-2335,2026-06-26 18:46:52,Gbagada,Local Delicacies,Amala & Abula,4500,800,0,5300,10,30,Delivered,4.2
ORD-2026-2336,2026-06-14 10:07:51,Gbagada,Fast Food,Crispy Chicken Wings,6500,800,0,7300,25,28,Delivered,4.2
ORD-2026-2337,2026-05-08 22:50:25,Lekki Phase 1,Local Delicacies,Amala & Abula,8000,1500,0,9500,18,28,Delivered,4.9
ORD-2026-2338,2026-05-23 18:08:19,Lekki Phase 1,Local Delicacies,Pounded Yam & Egusi,4500,1500,0,6000,15,31,Delivered,4.6
ORD-2026-2339,2026-06-25 21:50:11,Lekki Phase 1,Continental,Club Sandwich,5000,2000,0,7000,23,31,Delivered,3.7
ORD-2026-2340,2026-05-15 20:10:25,Ikeja,Local Delicacies,Pounded Yam & Egusi,6500,2000,0,8500,24,37,Delivered,3.7
ORD-2026-2341,2026-06-11 16:33:42,Surulere,Local Delicacies,Fried Plantain & Asun,12000,800,0,12800,10,55,Delivered,4.2
ORD-2026-2342,2026-05-19 16:51:37,Gbagada,Local Delicacies,Pounded Yam & Egusi,4500,1000,0,5500,21,22,Delivered,4.3
ORD-2026-2343,2026-06-18 12:34:39,Lekki Phase 1,Local Delicacies,Pounded Yam & Egusi,12000,2000,0,14000,29,40,Cancelled,
ORD-2026-2344,2026-05-08 20:46:55,Yaba,Fast Food,Beef Burger & Fries,3500,1000,0,4500,19,35,Delivered,4.5
ORD-2026-2345,2026-05-07 19:03:24,Yaba,Local Delicacies,Amala & Abula,4500,1200,0,5700,31,36,Delivered,4.2
ORD-2026-2346,2026-05-12 16:11:42,Surulere,Continental,Seafood Pasta,3500,1200,500,4200,21,15,Delivered,4.3
ORD-2026-2347,2026-06-20 16:52:23,Gbagada,Fast Food,Crispy Chicken Wings,6500,800,0,7300,16,24,Delivered,4.5
ORD-2026-2348,2026-05-16 12:53:53,Victoria Island,Local Delicacies,Jollof Rice & Fried Chicken,4500,2000,0,6500,15,30,Delivered,4.9
ORD-2026-2349,2026-06-26 11:10:31,Victoria Island,Fast Food,Beef Burger & Fries,12000,1200,0,13200,28,45,Delivered,4.7
ORD-2026-2350,2026-06-18 09:10:27,Yaba,Continental,Seafood Pasta,3500,800,0,4300,27,32,Delivered,3.6
ORD-2026-2351,2026-06-23 19:22:49,Ikeja,Grills & Suya,Grilled Catfish,5000,1000,0,6000,15,46,Delivered,4.5
ORD-2026-2352,2026-05-28 12:25:24,Victoria Island,Local Delicacies,Pounded Yam & Egusi,8000,800,0,8800,17,30,Delivered,4.6
ORD-2026-2353,2026-06-23 12:35:13,Ikeja,Local Delicacies,Pounded Yam & Egusi,6500,1000,0,7500,15,38,Delivered,3.5
ORD-2026-2354,2026-05-14 18:16:02,Lekki Phase 1,Local Delicacies,Amala & Abula,6500,1200,0,7700,19,30,Delivered,4.1
ORD-2026-2355,2026-05-16 18:28:44,Yaba,Local Delicacies,Pounded Yam & Egusi,12000,1200,500,12700,22,36,In Transit,
ORD-2026-2356,2026-05-15 12:50:37,Lekki Phase 1,Fast Food,Crispy Chicken Wings,6500,1000,0,7500,19,51,Delivered,4.5
ORD-2026-2357,2026-06-11 19:53:51,Lekki Phase 1,Fast Food,Crispy Chicken Wings,4500,1000,0,5500,17,43,Delivered,4.0
ORD-2026-2358,2026-06-27 21:24:41,Ikeja,Continental,Seafood Pasta,5000,1500,0,6500,14,27,Delivered,4.8
ORD-2026-2359,2026-05-07 13:48:40,Ikeja,Grills & Suya,Grilled Catfish,12000,1500,0,13500,19,43,Delivered,5.0
ORD-2026-2360,2026-05-10 21:47:49,Gbagada,Fast Food,Beef Burger & Fries,6500,800,0,7300,33,40,Delivered,4.6
ORD-2026-2361,2026-06-07 08:00:43,Yaba,Local Delicacies,Fried Plantain & Asun,6500,2000,0,8500,21,27,Delivered,4.3
ORD-2026-2362,2026-06-22 11:16:03,Yaba,Grills & Suya,BBQ Chicken Quarters,4500,1500,500,5500,20,54,Delivered,3.7
ORD-2026-2363,2026-06-12 11:00:06,Ikeja,Local Delicacies,Pounded Yam & Egusi,12000,1500,0,13500,17,55,Delivered,4.3
ORD-2026-2364,2026-05-30 19:34:07,Ikeja,Local Delicacies,Jollof Rice & Fried Chicken,5000,1200,0,6200,23,39,Delivered,3.9
ORD-2026-2365,2026-05-24 09:51:58,Lekki Phase 1,Local Delicacies,Jollof Rice & Fried Chicken,5000,1000,0,6000,21,30,Delivered,3.7
ORD-2026-2366,2026-06-12 20:56:17,Lekki Phase 1,Fast Food,Crispy Chicken Wings,3500,2000,0,5500,18,23,Delivered,4.6
ORD-2026-2367,2026-05-28 14:46:58,Lekki Phase 1,Local Delicacies,Fried Plantain & Asun,12000,1500,0,13500,26,40,Delivered,3.8
ORD-2026-2368,2026-06-28 19:16:38,Ikeja,Continental,Chicken Caesar Salad,12000,1500,0,13500,21,17,In Transit,
ORD-2026-2369,2026-06-17 21:40:03,Surulere,Local Delicacies,Amala & Abula,8000,800,0,8800,27,20,Delivered,4.6
ORD-2026-2370,2026-05-30 14:01:43,Yaba,Grills & Suya,Grilled Catfish,6500,1200,0,7700,19,38,Delivered,4.2
ORD-2026-2371,2026-05-12 09:25:52,Victoria Island,Local Delicacies,Jollof Rice & Fried Chicken,12000,800,0,12800,21,15,Delivered,4.0
ORD-2026-2372,2026-05-07 17:57:25,Gbagada,Fast Food,Crispy Chicken Wings,6500,1200,0,7700,22,32,Delivered,4.1
ORD-2026-2373,2026-05-23 20:05:43,Yaba,Continental,Seafood Pasta,5000,1500,0,6500,19,38,Delivered,3.8
ORD-2026-2374,2026-05-08 10:36:17,Victoria Island,Local Delicacies,Pounded Yam & Egusi,4500,800,0,5300,23,25,Delivered,3.9
ORD-2026-2375,2026-05-31 16:56:41,Surulere,Local Delicacies,Fried Plantain & Asun,12000,2000,0,14000,30,28,Delivered,3.9
ORD-2026-2376,2026-06-02 18:53:29,Victoria Island,Fast Food,Crispy Chicken Wings,5000,800,0,5800,17,29,Delivered,4.5
ORD-2026-2377,2026-05-27 20:20:11,Ikeja,Local Delicacies,Fried Plantain & Asun,8000,1000,500,8500,13,31,Delivered,3.8
ORD-2026-2378,2026-06-24 14:52:14,Ikeja,Fast Food,Beef Burger & Fries,4500,1000,1000,4500,20,29,Delivered,4.8
ORD-2026-2379,2026-05-02 19:43:53,Victoria Island,Local Delicacies,Pounded Yam & Egusi,12000,1000,500,12500,21,19,Delivered,4.2
ORD-2026-2380,2026-05-18 14:17:43,Ikeja,Continental,Club Sandwich,4500,1200,1000,4700,22,25,Delivered,4.4
ORD-2026-2381,2026-06-07 12:43:58,Victoria Island,Local Delicacies,Fried Plantain & Asun,8000,800,0,8800,18,34,Delivered,4.7
ORD-2026-2382,2026-05-31 11:58:17,Yaba,Grills & Suya,BBQ Chicken Quarters,3500,1200,0,4700,23,32,Delivered,4.0
ORD-2026-2383,2026-05-04 19:23:21,Ikeja,Fast Food,Shawarma Special,4500,800,0,5300,19,42,Delivered,4.8
ORD-2026-2384,2026-05-02 16:41:24,Victoria Island,Fast Food,Beef Burger & Fries,12000,1200,0,13200,14,18,Cancelled,
ORD-2026-2385,2026-06-24 21:58:15,Gbagada,Local Delicacies,Jollof Rice & Fried Chicken,8000,2000,0,10000,17,22,Delivered,3.9
ORD-2026-2386,2026-05-31 18:31:27,Surulere,Local Delicacies,Jollof Rice & Fried Chicken,5000,800,0,5800,15,23,Delivered,4.5
ORD-2026-2387,2026-06-20 12:57:44,Ikeja,Fast Food,Crispy Chicken Wings,4500,1000,0,5500,17,35,Delivered,4.5
ORD-2026-2388,2026-05-22 21:04:41,Yaba,Grills & Suya,Grilled Catfish,8000,1200,0,9200,26,19,Delivered,4.1
ORD-2026-2389,2026-06-22 13:58:38,Lekki Phase 1,Local Delicacies,Jollof Rice & Fried Chicken,8000,1200,0,9200,20,39,Delivered,4.5
ORD-2026-2390,2026-06-27 19:58:46,Victoria Island,Grills & Suya,Spicy Beef Suya,6500,1500,0,8000,15,27,Delivered,4.2
ORD-2026-2391,2026-05-03 18:28:14,Lekki Phase 1,Local Delicacies,Jollof Rice & Fried Chicken,4500,1500,0,6000,17,36,Delivered,4.3
ORD-2026-2392,2026-06-04 21:37:12,Ikeja,Fast Food,Beef Burger & Fries,5000,800,0,5800,15,38,Delivered,3.7
ORD-2026-2393,2026-05-29 21:57:19,Ikeja,Local Delicacies,Jollof Rice & Fried Chicken,6500,800,0,7300,23,31,Delivered,4.3
ORD-2026-2394,2026-06-16 19:02:44,Yaba,Fast Food,Beef Burger & Fries,8000,2000,0,10000,22,45,Delivered,4.2
ORD-2026-2395,2026-05-08 19:02:47,Yaba,Grills & Suya,Grilled Catfish,8000,2000,500,9500,13,38,Delivered,5.0
ORD-2026-2396,2026-05-09 19:52:56,Surulere,Grills & Suya,Grilled Catfish,3500,2000,0,5500,18,42,Delivered,4.2
ORD-2026-2397,2026-05-07 20:33:40,Lekki Phase 1,Grills & Suya,Spicy Beef Suya,8000,1200,0,9200,28,42,Delivered,4.5
ORD-2026-2398,2026-05-22 19:43:00,Lekki Phase 1,Local Delicacies,Amala & Abula,6500,1500,500,7500,29,31,Delivered,4.5
ORD-2026-2399,2026-05-10 16:07:55,Victoria Island,Grills & Suya,BBQ Chicken Quarters,8000,1000,0,9000,21,31,Delivered,4.6
ORD-2026-2400,2026-06-18 18:24:16,Ikeja,Fast Food,Crispy Chicken Wings,5000,2000,0,7000,15,39,Delivered,3.8
ORD-2026-2401,2026-06-29 20:40:35,Ikeja,Continental,Seafood Pasta,12000,2000,0,14000,23,37,Delivered,4.9
ORD-2026-2402,2026-06-26 20:46:04,Surulere,Grills & Suya,BBQ Chicken Quarters,4500,1500,0,6000,17,33,Delivered,4.0
ORD-2026-2403,2026-06-12 20:12:42,Lekki Phase 1,Fast Food,Crispy Chicken Wings,6500,1500,0,8000,18,41,Delivered,4.1
ORD-2026-2404,2026-05-14 14:59:56,Yaba,Continental,Seafood Pasta,6500,800,0,7300,20,27,Delivered,3.6
ORD-2026-2405,2026-05-28 14:31:46,Lekki Phase 1,Fast Food,Crispy Chicken Wings,6500,800,0,7300,20,22,Delivered,3.6
ORD-2026-2406,2026-05-09 18:27:32,Victoria Island,Local Delicacies,Fried Plantain & Asun,5000,1200,0,6200,21,37,In Transit,
ORD-2026-2407,2026-05-04 13:47:02,Yaba,Fast Food,Crispy Chicken Wings,6500,1500,0,8000,19,36,Delivered,4.2
ORD-2026-2408,2026-05-26 21:29:44,Lekki Phase 1,Local Delicacies,Jollof Rice & Fried Chicken,8000,800,0,8800,18,39,Delivered,4.0
ORD-2026-2409,2026-05-13 18:53:17,Lekki Phase 1,Grills & Suya,Spicy Beef Suya,8000,800,0,8800,29,38,Delivered,3.7
ORD-2026-2410,2026-06-16 13:54:44,Ikeja,Local Delicacies,Jollof Rice & Fried Chicken,12000,2000,0,14000,25,28,Delivered,4.6
ORD-2026-2411,2026-06-19 18:46:12,Yaba,Grills & Suya,Grilled Catfish,6500,800,500,6800,19,38,Delivered,3.7
ORD-2026-2412,2026-06-19 21:10:18,Ikeja,Local Delicacies,Pounded Yam & Egusi,12000,1500,500,13000,16,20,Delivered,4.0
ORD-2026-2413,2026-06-04 13:45:13,Surulere,Local Delicacies,Fried Plantain & Asun,3500,1200,0,4700,27,23,Delivered,3.9
ORD-2026-2414,2026-06-23 22:40:00,Victoria Island,Fast Food,Beef Burger & Fries,8000,1200,0,9200,24,33,Delivered,5.0
ORD-2026-2415,2026-06-20 16:22:55,Yaba,Local Delicacies,Amala & Abula,8000,800,0,8800,17,23,Delivered,4.3
ORD-2026-2416,2026-06-23 18:54:27,Victoria Island,Grills & Suya,Spicy Beef Suya,5000,2000,0,7000,15,30,Delivered,4.1
ORD-2026-2417,2026-05-28 08:18:27,Ikeja,Local Delicacies,Amala & Abula,5000,2000,0,7000,23,41,Delivered,3.8
ORD-2026-2418,2026-06-28 20:48:36,Victoria Island,Grills & Suya,BBQ Chicken Quarters,3500,1500,0,5000,18,43,In Transit,
ORD-2026-2419,2026-05-26 17:34:39,Lekki Phase 1,Local Delicacies,Jollof Rice & Fried Chicken,12000,1000,0,13000,16,37,Delivered,3.7
ORD-2026-2420,2026-05-16 16:22:59,Ikeja,Local Delicacies,Fried Plantain & Asun,3500,1200,0,4700,17,26,Delivered,4.0
ORD-2026-2421,2026-06-23 18:47:34,Lekki Phase 1,Local Delicacies,Jollof Rice & Fried Chicken,8000,2000,0,10000,23,46,Delivered,3.6
ORD-2026-2422,2026-06-29 22:43:54,Victoria Island,Local Delicacies,Jollof Rice & Fried Chicken,12000,2000,0,14000,29,39,Delivered,4.6
ORD-2026-2423,2026-06-24 13:39:20,Gbagada,Local Delicacies,Pounded Yam & Egusi,8000,1200,0,9200,19,26,Delivered,4.4
ORD-2026-2424,2026-05-25 20:22:50,Ikeja,Local Delicacies,Jollof Rice & Fried Chicken,8000,800,0,8800,26,33,Delivered,3.6
ORD-2026-2425,2026-05-23 21:31:29,Gbagada,Local Delicacies,Amala & Abula,3500,1000,0,4500,20,33,Delivered,4.5
ORD-2026-2426,2026-05-13 21:14:32,Victoria Island,Grills & Suya,Grilled Catfish,6500,1000,0,7500,19,46,Delivered,4.9
ORD-2026-2427,2026-05-21 21:26:44,Yaba,Local Delicacies,Jollof Rice & Fried Chicken,8000,1500,0,9500,17,45,Delivered,3.8
ORD-2026-2428,2026-06-13 14:46:39,Ikeja,Grills & Suya,BBQ Chicken Quarters,12000,1500,0,13500,25,22,Delivered,4.3
ORD-2026-2429,2026-06-20 13:47:19,Yaba,Local Delicacies,Jollof Rice & Fried Chicken,5000,1000,0,6000,31,43,Delivered,4.7
ORD-2026-2430,2026-05-27 12:52:44,Yaba,Fast Food,Beef Burger & Fries,8000,2000,0,10000,22,31,Delivered,4.9
ORD-2026-2431,2026-06-26 09:39:47,Ikeja,Fast Food,Shawarma Special,8000,2000,0,10000,12,48,Delivered,4.0
ORD-2026-2432,2026-06-14 21:19:36,Ikeja,Continental,Seafood Pasta,4500,800,0,5300,29,45,Delivered,4.2
ORD-2026-2433,2026-06-23 12:27:40,Lekki Phase 1,Continental,Club Sandwich,4500,800,0,5300,17,36,Delivered,4.9
ORD-2026-2434,2026-05-02 13:40:05,Victoria Island,Local Delicacies,Pounded Yam & Egusi,12000,1500,0,13500,24,44,Delivered,4.9
ORD-2026-2435,2026-05-11 20:05:44,Ikeja,Fast Food,Crispy Chicken Wings,5000,800,0,5800,23,52,Delivered,4.5
ORD-2026-2436,2026-05-11 14:54:52,Ikeja,Local Delicacies,Amala & Abula,5000,1500,0,6500,15,20,Delivered,4.8
ORD-2026-2437,2026-06-04 14:17:48,Victoria Island,Local Delicacies,Jollof Rice & Fried Chicken,6500,1500,0,8000,19,36,Delivered,4.6
ORD-2026-2438,2026-06-21 19:34:00,Gbagada,Fast Food,Crispy Chicken Wings,8000,1500,0,9500,27,18,Delivered,4.1
ORD-2026-2439,2026-06-05 12:59:42,Ikeja,Continental,Chicken Caesar Salad,5000,1500,0,6500,26,18,Delivered,4.7
ORD-2026-2440,2026-06-03 09:28:18,Lekki Phase 1,Local Delicacies,Pounded Yam & Egusi,4500,1500,500,5500,23,32,Delivered,4.0
ORD-2026-2441,2026-05-23 20:50:08,Surulere,Local Delicacies,Pounded Yam & Egusi,6500,1500,0,8000,17,28,Delivered,4.2
ORD-2026-2442,2026-05-01 12:33:15,Lekki Phase 1,Local Delicacies,Fried Plantain & Asun,6500,1500,500,7500,15,23,Cancelled,
ORD-2026-2443,2026-06-13 09:33:24,Gbagada,Local Delicacies,Pounded Yam & Egusi,3500,800,0,4300,18,46,Delivered,4.9
ORD-2026-2444,2026-06-14 13:05:31,Victoria Island,Fast Food,Shawarma Special,12000,1500,0,13500,21,40,Delivered,4.2
ORD-2026-2445,2026-06-10 21:30:41,Ikeja,Local Delicacies,Fried Plantain & Asun,12000,1500,0,13500,20,23,Delivered,4.3
ORD-2026-2446,2026-05-10 18:17:59,Surulere,Continental,Chicken Caesar Salad,6500,1000,500,7000,13,31,Delivered,4.6
ORD-2026-2447,2026-05-24 12:30:14,Surulere,Local Delicacies,Jollof Rice & Fried Chicken,6500,2000,0,8500,20,18,Delivered,4.2
ORD-2026-2448,2026-05-04 12:44:08,Yaba,Local Delicacies,Pounded Yam & Egusi,12000,2000,0,14000,16,23,Delivered,4.0
ORD-2026-2449,2026-05-26 22:14:34,Lekki Phase 1,Continental,Seafood Pasta,6500,1200,0,7700,21,47,Delivered,3.6
ORD-2026-2450,2026-06-26 17:04:19,Gbagada,Local Delicacies,Amala & Abula,5000,2000,0,7000,13,35,Delivered,3.9
ORD-2026-2451,2026-05-15 09:28:12,Yaba,Grills & Suya,Grilled Catfish,3500,1000,0,4500,14,44,Cancelled,
ORD-2026-2452,2026-05-04 09:30:40,Victoria Island,Local Delicacies,Jollof Rice & Fried Chicken,4500,1200,0,5700,10,56,Delivered,5.0
ORD-2026-2453,2026-05-08 21:45:08,Ikeja,Fast Food,Shawarma Special,5000,1500,0,6500,15,38,Delivered,3.7
ORD-2026-2454,2026-05-30 14:36:41,Surulere,Grills & Suya,Spicy Beef Suya,4500,1200,0,5700,15,31,Delivered,3.7
ORD-2026-2455,2026-05-13 19:11:36,Yaba,Fast Food,Beef Burger & Fries,8000,2000,0,10000,25,24,Delivered,4.7
ORD-2026-2456,2026-05-10 08:51:06,Yaba,Local Delicacies,Fried Plantain & Asun,5000,1500,0,6500,17,31,Delivered,4.0
ORD-2026-2457,2026-05-02 11:22:38,Yaba,Grills & Suya,Spicy Beef Suya,8000,1500,0,9500,16,30,Delivered,4.4
ORD-2026-2458,2026-06-09 15:22:28,Yaba,Local Delicacies,Fried Plantain & Asun,8000,800,0,8800,27,17,Delivered,4.6
ORD-2026-2459,2026-05-14 19:54:30,Victoria Island,Local Delicacies,Jollof Rice & Fried Chicken,12000,2000,0,14000,10,39,Delivered,3.6
ORD-2026-2460,2026-05-25 18:43:54,Lekki Phase 1,Fast Food,Shawarma Special,3500,800,0,4300,18,24,Delivered,4.8
ORD-2026-2461,2026-05-17 12:12:57,Lekki Phase 1,Local Delicacies,Fried Plantain & Asun,4500,1200,0,5700,18,58,Delivered,4.7
ORD-2026-2462,2026-06-08 21:05:02,Surulere,Grills & Suya,BBQ Chicken Quarters,4500,1000,0,5500,11,34,Delivered,3.7
ORD-2026-2463,2026-06-27 14:53:19,Victoria Island,Local Delicacies,Pounded Yam & Egusi,8000,2000,0,10000,18,22,Delivered,3.5
ORD-2026-2464,2026-05-05 14:59:18,Lekki Phase 1,Local Delicacies,Amala & Abula,5000,1000,0,6000,14,35,Delivered,4.4
ORD-2026-2465,2026-06-16 22:23:40,Gbagada,Continental,Club Sandwich,12000,2000,0,14000,25,22,Delivered,4.6
ORD-2026-2466,2026-05-04 11:54:34,Ikeja,Grills & Suya,BBQ Chicken Quarters,8000,2000,0,10000,23,49,Delivered,3.7
ORD-2026-2467,2026-06-24 14:37:35,Ikeja,Grills & Suya,Spicy Beef Suya,3500,1200,0,4700,20,54,Delivered,4.1
ORD-2026-2468,2026-05-07 12:24:15,Surulere,Local Delicacies,Fried Plantain & Asun,5000,1000,0,6000,29,29,Delivered,4.3
ORD-2026-2469,2026-06-16 14:07:17,Lekki Phase 1,Grills & Suya,Spicy Beef Suya,8000,800,0,8800,19,29,Cancelled,
ORD-2026-2470,2026-05-28 14:41:16,Gbagada,Local Delicacies,Amala & Abula,8000,1000,0,9000,18,50,Delivered,4.6
ORD-2026-2471,2026-06-14 10:09:33,Victoria Island,Grills & Suya,Grilled Catfish,8000,800,0,8800,20,19,Delivered,4.8
ORD-2026-2472,2026-06-05 13:22:05,Victoria Island,Continental,Chicken Caesar Salad,6500,1500,500,7500,20,29,Delivered,4.2
ORD-2026-2473,2026-05-29 21:16:45,Yaba,Continental,Seafood Pasta,6500,1500,0,8000,14,30,Delivered,3.6
ORD-2026-2474,2026-05-24 21:50:33,Victoria Island,Local Delicacies,Fried Plantain & Asun,6500,800,0,7300,16,25,Delivered,4.5
ORD-2026-2475,2026-05-28 16:13:50,Ikeja,Local Delicacies,Jollof Rice & Fried Chicken,4500,1200,0,5700,22,47,Delivered,4.6
ORD-2026-2476,2026-05-26 20:55:38,Surulere,Fast Food,Crispy Chicken Wings,8000,1500,500,9000,25,33,Delivered,4.7
ORD-2026-2477,2026-05-30 10:19:47,Ikeja,Local Delicacies,Amala & Abula,5000,1000,0,6000,22,41,Delivered,3.7
ORD-2026-2478,2026-06-01 17:08:44,Lekki Phase 1,Grills & Suya,Spicy Beef Suya,6500,2000,0,8500,14,34,Delivered,3.8
ORD-2026-2479,2026-05-01 20:03:34,Lekki Phase 1,Local Delicacies,Amala & Abula,4500,1200,0,5700,12,30,Delivered,5.0
ORD-2026-2480,2026-06-28 19:39:06,Lekki Phase 1,Local Delicacies,Jollof Rice & Fried Chicken,4500,1000,0,5500,24,36,Delivered,4.1
ORD-2026-2481,2026-05-27 22:37:06,Lekki Phase 1,Local Delicacies,Jollof Rice & Fried Chicken,6500,800,0,7300,24,33,Delivered,4.4
ORD-2026-2482,2026-06-13 14:10:41,Yaba,Grills & Suya,BBQ Chicken Quarters,4500,800,0,5300,25,24,Delivered,4.0
ORD-2026-2483,2026-06-22 21:35:36,Victoria Island,Local Delicacies,Jollof Rice & Fried Chicken,12000,1000,0,13000,20,44,Delivered,4.8
ORD-2026-2484,2026-06-10 12:34:47,Yaba,Fast Food,Beef Burger & Fries,6500,1500,0,8000,24,46,Delivered,4.4
ORD-2026-2485,2026-05-05 10:51:46,Yaba,Local Delicacies,Amala & Abula,5000,1500,0,6500,11,29,Delivered,3.6
ORD-2026-2486,2026-06-04 17:47:30,Ikeja,Grills & Suya,Grilled Catfish,6500,1200,0,7700,18,34,Delivered,4.5
ORD-2026-2487,2026-05-31 22:51:22,Ikeja,Grills & Suya,BBQ Chicken Quarters,3500,1200,0,4700,26,47,Delivered,4.4
ORD-2026-2488,2026-05-18 20:49:14,Surulere,Local Delicacies,Amala & Abula,4500,1000,0,5500,18,30,Delivered,3.6
ORD-2026-2489,2026-05-15 17:49:35,Surulere,Fast Food,Beef Burger & Fries,3500,1500,0,5000,27,31,Delivered,4.5
ORD-2026-2490,2026-06-24 14:46:12,Lekki Phase 1,Grills & Suya,Spicy Beef Suya,8000,800,0,8800,26,32,Delivered,4.3
ORD-2026-2491,2026-06-10 19:31:29,Ikeja,Fast Food,Crispy Chicken Wings,3500,1200,0,4700,19,54,Delivered,4.7
ORD-2026-2492,2026-06-21 12:33:14,Lekki Phase 1,Continental,Club Sandwich,4500,1500,0,6000,22,50,Delivered,4.4
ORD-2026-2493,2026-06-13 19:33:17,Yaba,Local Delicacies,Amala & Abula,3500,2000,0,5500,19,43,Delivered,3.8
ORD-2026-2494,2026-06-23 21:30:24,Yaba,Grills & Suya,Grilled Catfish,5000,1500,500,6000,24,35,Delivered,4.5
ORD-2026-2495,2026-06-07 14:53:01,Victoria Island,Local Delicacies,Pounded Yam & Egusi,4500,2000,0,6500,33,15,Delivered,4.3
ORD-2026-2496,2026-05-17 12:55:29,Ikeja,Grills & Suya,Spicy Beef Suya,5000,1200,0,6200,16,45,Delivered,4.1
ORD-2026-2497,2026-05-29 19:52:21,Ikeja,Continental,Seafood Pasta,5000,1500,0,6500,15,48,Delivered,4.5
ORD-2026-2498,2026-06-04 09:57:48,Yaba,Local Delicacies,Pounded Yam & Egusi,6500,1500,0,8000,13,23,Delivered,4.1
ORD-2026-2499,2026-06-12 13:54:01,Victoria Island,Local Delicacies,Amala & Abula,8000,800,0,8800,22,44,Delivered,4.7
